date; pm25; pm10; o3; no2; so2; co;AQI
01.10.2020;91;30;25;12;1;4;91
02.10.2020;65;34;15;15;1;4;65
03.10.2020;71;48;18;20;2;3;71
04.10.2020;66;54;15;19;3;4;66
05.10.2020;78;55;10;20;2;5;78
06.10.2020;114;55;27;21;2;5;114
07.10.2020;106;49;15;23;2;4;106
08.10.2020;76;71;7;25;2;7;76
09.10.2020;125;84;20;26;2;7;125
10.10.2020;151;93;7;24;2;8;151
11.10.2020;138;52;7;23;2;5;138
12.10.2020;92;31;7;21;1;7;92
13.10.2020;88;21;22;17;1;4;88
14.10.2020;46;35;13;23;1;5;46
15.10.2020;81;32;27;18;2;4;81
16.10.2020;62;71;24;28;6;6;71
17.10.2020;109;78;24;28;4;8;109
18.10.2020;140;73;30;31;4;6;140
19.10.2020;124;82;21;32;3;7;124
20.10.2020;122;95;23;27;3;5;122
21.10.2020;113;146;24;38;4;7;146
22.10.2020;161;112;26;32;6;7;161
23.10.2020;157;113;23;31;5;9;157
24.10.2020;164;149;35;38;5;11;164
25.10.2020;182;111;11;38;4;9;182
26.10.2020;138;72;11;27;3;6;138
27.10.2020;97;39;12;23;1;5;97
28.10.2020;83;65;3;23;2;7;83
29.10.2020;122;85;12;25;3;11;122
30.10.2020;162;70;22;20;3;7;162
31.10.2020;93;78;28;27;3;5;93
01.11.2020;114;79;24;30;4;6;114
02.11.2020;118;85;13;33;7;6;118
03.11.2020;141;118;4;47;6;10;141
04.11.2020;177;100;11;43;4;9;177
05.11.2020;177;73;30;26;3;4;177
06.11.2020;94;88;25;30;5;6;94
07.11.2020;124;123;17;47;7;9;124
08.11.2020;163;136;29;43;7;9;163
09.11.2020;176;181;25;48;5;12;181
10.11.2020;191;143;34;46;4;12;191
11.11.2020;209;173;18;53;4;15;209
12.11.2020;243;161;41;37;3;12;243
13.11.2020;228;114;42;24;3;8;228
14.11.2020;195;148;32;41;2;11;195
15.11.2020;235;139;36;34;2;10;235
16.11.2020;214;82;26;22;1;7;214
17.11.2020;153;63;31;18;2;4;153
18.11.2020;81;73;19;31;3;6;81
19.11.2020;136;59;9;21;3;8;136
20.11.2020;124;26;12;15;1;4;124
21.11.2020;86;31;14;19;2;3;86
22.11.2020;79;25;15;20;2;3;79
23.11.2020;74;57;9;16;2;7;74
24.11.2020;145;56;6;18;2;8;145
25.11.2020;132;75;7;29;2;10;132
26.11.2020;143;85;16;29;3;10;143
27.11.2020;169;71;21;22;4;6;169
28.11.2020;165;72;22;25;3;7;165
29.11.2020;167;92;9;26;6;11;167
30.11.2020;178;99;2;20;3;10;178
01.12.2020;188;77;7;17;2;10;188
02.12.2020;169;45;16;16;3;4;169
03.12.2020;92;56;10;21;4;4;92
04.12.2020;111;73;13;22;4;6;111
05.12.2020;157;89;10;21;16;8;157
06.12.2020;176;88;9;22;11;10;176
07.12.2020;169;83;11;23;6;9;169
08.12.2020;165;75;13;22;5;7;165
09.12.2020;174;93;12;33;4;9;174
10.12.2020;165;110;11;37;5;10;165
11.12.2020;186;128;6;42;5;12;186
12.12.2020;207;88;19;20;3;3;207
13.12.2020;91;73;15;22;4;3;91
14.12.2020;100;88;7;25;4;6;100
15.12.2020;163;103;9;31;6;9;163
16.12.2020;169;90;16;31;7;9;169
17.12.2020;173;65;14;27;5;7;173
18.12.2020;132;102;13;37;6;10;132
19.12.2020;161;94;7;42;6;10;161
20.12.2020;166;109;13;41;8;11;166
21.12.2020;179;117;22;39;7;12;179
22.12.2020;213;98;23;22;5;6;213
23.12.2020;120;88;21;30;6;9;120
24.12.2020;149;107;7;38;8;12;149
25.12.2020;176;93;20;32;9;10;176
26.12.2020;174;138;19;41;9;15;174
27.12.2020;225;125;13;36;7;14;225
28.12.2020;213;48;26;11;4;2;213
29.12.2020;50;43;23;12;4;3;50
30.12.2020;59;59;16;24;6;6;59
31.12.2020;118;82;10;35;5;9;118
01.01.2021;164;120;11;41;12;15;164
02.01.2021;192;145;12;44;9;15;192
03.01.2021;201; ; ; ; ; ;201
01.07.2020;126;55;102;25;2;4;126
02.07.2020;80;73;85;25;2;5;85
03.07.2020;128;69;88;17;2;5;128
04.07.2020;128;67;103;19;2;6;128
05.07.2020;119;63;125;23;2;5;125
06.07.2020;104;64;109;22;3;5;109
07.07.2020;104;55;82;11;2;3;104
08.07.2020;102;54;125;13;2;4;125
09.07.2020;98;62;42;15;1;5;98
10.07.2020;125;35;37;10;1;4;125
11.07.2020;75;22;60;8;1;3;75
12.07.2020;55;40;66;18;2;5;66
13.07.2020;79;43;31;18;1;4;79
14.07.2020;79;48;65;11;1;5;79
15.07.2020;98;42;26;18;1;4;98
16.07.2020;76;27;36;11;1;4;76
17.07.2020;62;42;25;14;1;4;62
18.07.2020;59;32;53;10;2;3;59
19.07.2020;49;48;60;18;2;3;60
20.07.2020;88;38;28;12;2;4;88
21.07.2020;85;32;27;12;1;4;85
22.07.2020;63;50;35;12;1;7;63
23.07.2020;98;58;37;11;1;7;98
24.07.2020;113;43;23;9;1;7;113
25.07.2020;84;45;66;17;1;7;84
26.07.2020;66;70;102;17;1;5;102
27.07.2020;123;91;52;23;1;7;123
28.07.2020;140;77;60;20;1;6;140
29.07.2020;114;47;48;14;1;5;114
30.07.2020;84;50;76;19;1;5;84
31.07.2020;88;75;29;20;1;6;88
01.08.2020;125;37;83;12;1;4;125
02.08.2020;69;59;48;26;1;5;69
03.08.2020;97;50;53;15;1;4;97
04.08.2020;78;63;70;15;1;4;78
05.08.2020;104;53;21;12;1;5;104
06.08.2020;102;27;18;13;1;9;102
07.08.2020;59;40;61;19;1;8;61
08.08.2020;73;62;102;24;1;5;102
09.08.2020;93;63;84;20;2;4;93
10.08.2020;89;55;25;19;1;4;89
11.08.2020;103;45;34;12;1;3;103
12.08.2020;77;27;62;11;1;2;77
13.08.2020;51;50;28;20;1;4;51
14.08.2020;100;26;16;15; ;4;100
15.08.2020;62;31;23;15;1;6;62
16.08.2020;54;23;30;9;1;4;54
17.08.2020;47;24;36;10;1;3;47
18.08.2020;30;19;37;15;1;3;37
19.08.2020;39;35;29;17;1;5;39
20.08.2020;66;40;37;12;1;5;66
21.08.2020;65;49;36;14;1;5;65
22.08.2020;97;61;43;16;1;5;97
23.08.2020;96;29;46;14;1;4;96
24.08.2020;43;55;72;24;2;5;72
25.08.2020;83;62;74;28;2;5;83
26.08.2020;89;69;84;26;3;6;89
27.08.2020;122;76;69;26;3;7;122
28.08.2020;132;60;54;18;2;4;132
29.08.2020;104;35;28;10;2;3;104
30.08.2020;49;28;46;13;2;3;49
31.08.2020;33;56;26;25;3;5;56
01.09.2020;77;50;59;22;2;4;77
02.09.2020;70;62;59;27;2;4;70
03.09.2020;74;65;64;30;2;4;74
04.09.2020;79;86;45;31;5;6;86
05.09.2020;122;52;58;21;2;4;122
06.09.2020;92;78;90;26;3;4;92
07.09.2020;110;80;79;32;4;5;110
08.09.2020;123;86;38;31;3;8;123
09.09.2020;147;41;60;15;1;5;147
10.09.2020;77;65;71;28;2;6;77
11.09.2020;114;67;61;20;2;5;114
12.09.2020;120;65;60;22;2;5;120
13.09.2020;119;46;32;16;1;5;119
14.09.2020;90;40;50;17;2;4;90
15.09.2020;55;61;25;29;3;5;61
16.09.2020;79;78;61;30;4;6;79
17.09.2020;117;65;53;35;3;5;117
18.09.2020;80;78;60;31;7;7;80
19.09.2020;119;38;30;14;1;4;119
20.09.2020;72;26;36;12;1;4;72
21.09.2020;66;38;28;18;1;4;66
22.09.2020;77;58;44;30;2;7;77
23.09.2020;95;67;45;31;2;7;95
24.09.2020;105;86;31;32;2;8;105
25.09.2020;149;76;35;21;2;6;149
26.09.2020;117;61;40;18;2;6;117
27.09.2020;108;72;35;26;1;7;108
28.09.2020;136;81;45;25;2;8;136
29.09.2020;125;81;31;24;2;9;125
30.09.2020;145;60;15;17;1;7;145
01.04.2020;148;43;14;16;3;7;148
02.04.2020;116;45;36;15;4;5;116
03.04.2020;96;52;39;23;4;4;96
04.04.2020;87;78;38;35;4;6;87
05.04.2020;133;67;47;29;4;5;133
06.04.2020;111;81;50;37;4;6;111
07.04.2020;122;53;54;19;4;4;122
08.04.2020;77;88;60;26;4;5;88
09.04.2020;145;73;25;14;3;6;145
10.04.2020;126;47;47;18;3;6;126
11.04.2020;87;72;54;31;4;5;87
12.04.2020;125;97;32;46;5;6;125
13.04.2020;153;78;47;33;5;6;153
14.04.2020;117;86;39;36;6;6;117
15.04.2020;119;80;44;25;4;5;119
16.04.2020;96;98;45;21;5;4;98
17.04.2020;108;58;43;10;2;4;108
18.04.2020;104;52;58;19;1;5;104
19.04.2020;104;74;31;24;4;3;104
20.04.2020;68;61;34;25;5;3;68
21.04.2020;84;72;35;29;7;5;84
22.04.2020;122;80;45;35;7;5;122
23.04.2020;145;73;46;31;6;4;145
24.04.2020;106;65;45;25;5;4;106
25.04.2020;102;60;46;20;4;4;102
26.04.2020;97;85;78;22;6;5;97
27.04.2020;139;85;80;30;6;6;139
28.04.2020;132;103;70;45;6;8;132
29.04.2020;136;79;86;37;5;6;136
30.04.2020;116;81;76;38;5;6;116
01.05.2020;119;76;90;34;4;5;119
02.05.2020;117;91;101;43;5;6;117
03.05.2020;141;110;106;32;7;7;141
04.05.2020;153;59;40;11;3;6;153
05.05.2020;85;62;42;10;4;5;85
06.05.2020;75;39;29;10;2;6;75
07.05.2020;88;88;34;7;3;4;88
08.05.2020;102;31;36;6;3;3;102
09.05.2020;55;60;39;22;3;4;60
10.05.2020;85;58;41;10;3;3;85
11.05.2020;52;50;46;26;3;4;52
12.05.2020;70;82;11;38;4;7;82
13.05.2020;142;56;50;26;3;5;142
14.05.2020;89;79;73;34;4;7;89
15.05.2020;102;60;53;14;2;4;102
16.05.2020;82;79;71;23;4;4;82
17.05.2020;96;76;53;12;2;2;96
18.05.2020;75;71;45;27;5;4;75
19.05.2020;99;66;58;19;4;5;99
20.05.2020;115;67;72;17;4;6;115
21.05.2020;99;68;83;29;4;6;99
22.05.2020;87;79;51;22;3;3;87
23.05.2020;104;51;37;17;3;2;104
24.05.2020;61;42;56;13;3;2;61
25.05.2020;55;58;60;24;4;3;60
26.05.2020;78;52;49;11;3;2;78
27.05.2020;57;53;69;24;4;2;69
28.05.2020;72;58;80;23;4;3;80
29.05.2020;88;95;73;14;3;2;95
30.05.2020;108;96;85;21;4;4;108
31.05.2020;121;71;49;21;3;3;121
01.06.2020;97;48;45;17;2;3;97
02.06.2020;63;65;72;28;2;4;72
03.06.2020;91;73;91;36;3;6;91
04.06.2020;103;66;123;24;3;5;123
05.06.2020;120;63;73;10;2;3;120
06.06.2020;94;54;89;10;2;2;94
07.06.2020;62;48;33;8;2;2;62
08.06.2020;98;36;20;11;1;3;98
09.06.2020;73;48;83;14;1;3;83
10.06.2020;88;80;49;17;2;5;88
11.06.2020;121;38;52;11;1;4;121
12.06.2020;70;63;40;21;2;5;70
13.06.2020;99;60;87;24;2;4;99
14.06.2020;90;62;40;25;2;6;90
15.06.2020;107;20;38;8; ;7;107
16.06.2020;54;17;37;9; ;6;54
17.06.2020;35;42;101;19;1;5;101
18.06.2020;70;51;42;14;1;5;70
19.06.2020;108;40;48;9;1;5;108
20.06.2020;89;43;54;13;2;4;89
21.06.2020;89;40;35;12;1;5;89
22.06.2020;78;46;59;19;2;5;78
23.06.2020;81;60;104;20;3;5;104
24.06.2020;93;69;107;16;3;5;107
25.06.2020;90;53;36;16;2;5;90
26.06.2020;77;44;19;14;2;4;77
27.06.2020;84;39;20;11;2;7;84
28.06.2020;75;42;61;18;2;6;75
29.06.2020;74;52;92;17;2;4;92
30.06.2020;74;71;55;22;2;5;74
01.01.2020;174;103;7;30;10;11;174
02.01.2020;187;118;14;41;9;14;187
03.01.2020;213;154;21;41;13;18;213
04.01.2020;274;107;9;28;7;15;274
05.01.2020;203;80;8;24;4;15;203
06.01.2020;175;71;31;20;5;7;175
07.01.2020;163;88;14;23;6;11;163
08.01.2020;190;134;3;24;6;18;190
09.01.2020;255;108;12;23;5;18;255
10.01.2020;215;81;21;27;5;12;215
11.01.2020;186;91;14;31;7;11;186
12.01.2020;188;120;24;32;8;15;188
13.01.2020;242;78;24;26;8;10;242
14.01.2020;171;105;11;28;5;13;171
15.01.2020;235;121;5;30;5;16;235
16.01.2020;251;142;7;36;5;18;251
17.01.2020;278;132;17;35;4;14;278
18.01.2020;273;65;30;26;4;7;273
19.01.2020;127;78;31;27;8;9;127
20.01.2020;155;81;27;27;9;11;155
21.01.2020;171;114;32;31;7;14;171
22.01.2020;215;145;16;35;7;16;215
23.01.2020;293;147;29;18;6;16;293
24.01.2020;301; ;31;8;5;13;301
25.01.2020;297;136;32;11;5;12;297
26.01.2020;231;57;34;8;4;9;231
27.01.2020;161;53;33;11;4;9;161
28.01.2020;154;58;39;14;4;9;154
29.01.2020;163;61;46;18;6;9;163
30.01.2020;165;87;47;24;6;11;165
31.01.2020;197;94;41;22;9;12;197
01.02.2020;210;48;38;8;5;6;210
02.02.2020;138;50;40;13;7;6;138
03.02.2020;122;78;47;20;6;9;122
04.02.2020;183;93;34;10;6;10;183
05.02.2020;193;63;14;8;3;7;193
06.02.2020;159;58;21;8;4;7;159
07.02.2020;162;56;31;16;5;8;162
08.02.2020;160;93;41;27;6;10;160
09.02.2020;210;81;50;26;7;9;210
10.02.2020;195;94;61;29;7;11;195
11.02.2020;201;98;63;32;7;12;201
12.02.2020;208;99;61;27;6;12;208
13.02.2020;202;132;30;7;4;2;202
14.02.2020;83;56;32;4;3;2;83
15.02.2020;61;34;37;7;4;3;61
16.02.2020;85;38;38;14;5;4;85
17.02.2020;108;59;39;26;7;7;108
18.02.2020;160;64;49;25;6;7;160
19.02.2020;164;100;27;15;6;7;164
20.02.2020;154;86;37;10;4;5;154
21.02.2020;114;88;37;21;6;6;114
22.02.2020;126;91;45;28;6;7;126
23.02.2020;166;80;45;21;5;8;166
24.02.2020;155;107;65;27;12;13;155
25.02.2020;204;106;37;17;5;10;204
26.02.2020;196;30;16;10;3;7;196
27.02.2020;85;32;16;12;3;8;85
28.02.2020;96;50;33;13;3;8;96
29.02.2020;132;69;32;18;4;6;132
01.03.2020;109;35;27;12;3;4;109
02.03.2020;84;47;16;23;3;4;84
03.03.2020;91;69;34;24;4;6;91
04.03.2020;136;70;40;16;4;7;136
05.03.2020;157;86;41;28;4;9;157
06.03.2020;167;97;42;29;7;10;167
07.03.2020;173;84;32;21;5;7;173
08.03.2020;158;109;29;11;3;3;158
09.03.2020;106;99;37;18;4;3;106
10.03.2020;117;85;35;33;5;5;117
11.03.2020;134;94;18;34;6;7;134
12.03.2020;159;86;35;21;4;6;159
13.03.2020;102;97;37;27;5;4;102
14.03.2020;125;79;34;31;5;4;125
15.03.2020;110;66;40;24;4;4;110
16.03.2020;112;59;43;23;4;5;112
17.03.2020;88;86;42;29;4;5;88
18.03.2020;116;126;32;32;5;5;126
19.03.2020;133;113;46;36;5;5;133
20.03.2020;148;96;33;30;5;6;148
21.03.2020;124;90;43;29;6;6;124
22.03.2020;150;85;63;28;7;7;150
23.03.2020;148;80;61;27;5;7;148
24.03.2020;127;92;65;30;6;7;127
25.03.2020;138;252;29;12;3;3;252
26.03.2020;144;25;21;13;3;3;144
27.03.2020;79;45;29;16;3;3;79
28.03.2020;96;15;25;11;3;2;96
29.03.2020;53; ; ; ; ; ;53
01.10.2019;155;76;69;24;3;7;155
02.10.2019;154;55;41;20;3;6;154
03.10.2019;107;37;17;13;2;5;107
04.10.2019;86;19;20;9;2;4;86
05.10.2019;47;18;17;12;2;4;47
06.10.2019;58;40;17;21;3;6;58
07.10.2019;88;42;32;19;3;6;88
08.10.2019;96;23;19;21;2;5;96
09.10.2019;69;36;10;22;2;6;69
10.10.2019;75;56;5;26;3;7;75
11.10.2019;99;68;15;29;3;9;99
12.10.2019;131;81;36;28;3;9;131
13.10.2019;148;51;20;21;3;6;148
14.10.2019;113;43;9;17;4;5;113
15.10.2019;92;36;22;20;3;6;92
16.10.2019;86;48;29;26;3;7;86
17.10.2019;100;63;31;30;4;8;100
18.10.2019;133;93;26;35;3;11;133
19.10.2019;161;78;10;28;3;10;161
20.10.2019;154;73;5;27;5;10;154
21.10.2019;137;90;16;30;4;10;137
22.10.2019;171;95;36;29;3;10;171
23.10.2019;169;45;21;14;2;5;169
24.10.2019;81;44;12;23;3;4;81
25.10.2019;72;50;19;23;3;6;72
26.10.2019;98;73;16;36;4;9;98
27.10.2019;131;94;31;27;4;6;131
28.10.2019;123;142;21;36;6;8;142
29.10.2019;164;93;25;30;5;9;164
30.10.2019;136;104;5;36;5;9;136
31.10.2019;157;63;5;24;3;7;157
01.11.2019;130;67;22;23;3;7;130
02.11.2019;134;77;19;36;4;8;134
03.11.2019;149;99;30;39;4;9;149
04.11.2019;180;128;20;38;5;12;180
05.11.2019;207;109;11;28;4;12;207
06.11.2019;203;83;13;25;3;10;203
07.11.2019;168;99;26;29;3;11;168
08.11.2019;185;132;6;35;4;13;185
09.11.2019;234;55;25;29;3;8;234
10.11.2019;109;86;8;36;8;11;109
11.11.2019;147;82;4;34;6;10;147
12.11.2019;164;44;28;24;3;5;164
13.11.2019;84;83;15;42;4;10;84
14.11.2019;137;109;12;46;6;11;137
15.11.2019;167;116;13;43;10;14;167
16.11.2019;184;114;23;26;6;8;184
17.11.2019;162;101;8;30;5;5;162
18.11.2019;139;117;17;35;8;8;139
19.11.2019;168;142;3;48;9;13;168
20.11.2019;197;132;15;40;7;13;197
21.11.2019;216;134;17;42;6;13;216
22.11.2019;231;147;31;43;6;13;231
23.11.2019;254;37;28;14;3;4;254
24.11.2019;94;48;17;20;4;4;94
25.11.2019;108;71;5;23;5;6;108
26.11.2019;137;75;4;23;6;7;137
27.11.2019;160;75;13;21;7;8;160
28.11.2019;159;79;13;22;6;8;159
29.11.2019;168;74;14;20;4;8;168
30.11.2019;164;49;26;19;4;5;164
01.12.2019;116;67;20;33;5;6;116
02.12.2019;107;97;15;39;7;10;107
03.12.2019;166;94;15;36;7;11;166
04.12.2019;158;97;8;41;9;11;158
05.12.2019;166;111;15;35;9;12;166
06.12.2019;190;154;8;52;8;17;190
07.12.2019;296;122;19;38;8;12;296
08.12.2019;255;82;16;39;8;12;255
09.12.2019;161;84;23;32;7;8;161
10.12.2019;139;99;13;37;10;8;139
11.12.2019;158;110;13;35;12;11;158
12.12.2019;176;124;17;40;11;12;176
13.12.2019;197;115;19;28;9;9;197
14.12.2019;189;68;13;19;7;6;189
15.12.2019;154;82;19;22;6;7;154
16.12.2019;163;82;18;29;7;8;163
17.12.2019;154;56;28;21;5;5;154
18.12.2019;114;86;9;36;7;8;114
19.12.2019;156;105;15;33;10;12;156
20.12.2019;194;148;9;45;7;15;194
21.12.2019;263;176;18;45;7;17;263
22.12.2019;316;178;18;37;7;18;316
23.12.2019;331;121;8;28;6;16;331
24.12.2019;228;119;10;23;6;15;228
25.12.2019;222;52;25;19;4;5;222
26.12.2019;65;66;19;32;6;8;66
27.12.2019;143;91;11;42;10;12;143
28.12.2019;167;108;17;42;9;13;167
29.12.2019;190; ; ; ; ; ;190
01.07.2019;72;56;105;30;3;5;105
02.07.2019;96;58;73;26;2;5;96
03.07.2019;115;28;83;11;1;3;115
04.07.2019;67;36;75;16;2;3;75
05.07.2019;70;47;73;17;2;2;73
06.07.2019;55;54;91;26;3;3;91
07.07.2019;61;45;44;15;2;5;61
08.07.2019;95;39;68;11;2;5;95
09.07.2019;80;27;83;11;2;4;83
10.07.2019;58;50;73;14;2;5;73
11.07.2019;102;35;83;11;2;5;102
12.07.2019;80;46;103;21;2;5;103
13.07.2019;71;58;109;27;3;6;109
14.07.2019;92;44;74;16;2;5;92
15.07.2019;88;44;45;14;2;5;88
16.07.2019;93;46;40;12;2;6;93
17.07.2019;82;42;33;14;2;6;82
18.07.2019;74;55;42;11;1;7;74
19.07.2019;90;34;77;11;2;4;90
20.07.2019;58;67;77;18;1;7;77
21.07.2019;103;52;39;11;1;5;103
22.07.2019;79;60;79;21;2;5;79
23.07.2019;81;67;57;20;2;5;81
24.07.2019;91;57;110;21;2;4;110
25.07.2019;89;67;86;27;2;5;89
26.07.2019;102;47;104;16;1;4;104
27.07.2019;78;53;58;21;1;4;78
28.07.2019;82;30;41;11;1;4;82
29.07.2019;55;47;103;21;2;5;103
30.07.2019;70;52;110;20;2;4;110
31.07.2019;76;48;86;15;1;4;86
01.08.2019;75;41;52;11;2;5;75
02.08.2019;58;47;30;12;2;5;58
03.08.2019;81;47;80;13;1;5;81
04.08.2019;84;50;50;18;1;5;84
05.08.2019;87;22;39;14;1;4;87
06.08.2019;57;37;83;17;1;5;83
07.08.2019;73;56;65;23;1;6;73
08.08.2019;94;38;40;13;1;5;94
09.08.2019;70;44;89;18;2;5;89
10.08.2019;70;54;94;22;2;5;94
11.08.2019;83;48;69;24;3;5;83
12.08.2019;73;42;80;22;3;4;80
13.08.2019;63;45;79;18;3;4;79
14.08.2019;65;46;101;25;3;4;101
15.08.2019;74;56;115;25;3;4;115
16.08.2019;87;53;87;17;6;6;87
17.08.2019;81;62;98;21;5;7;98
18.08.2019;124;53;62;13;2;5;124
19.08.2019;109;50;47;12;2;5;109
20.08.2019;96;29;42;10;2;5;96
21.08.2019;61;52;39;15;2;8;61
22.08.2019;103;71;62;17;3;10;103
23.08.2019;135;82;111;18;4;11;135
24.08.2019;150;80;73;13;3;12;150
25.08.2019;154;81;50;13;3;12;154
26.08.2019;140;20;38;11;2;6;140
27.08.2019;58;40;66;18;4;6;66
28.08.2019;80;40;82;20;2;5;82
29.08.2019;71;57;71;33;4;7;71
30.08.2019;90;70;32;36;3;8;90
31.08.2019;121;42;50;12;1;7;121
01.09.2019;92;45;72;22;3;6;92
02.09.2019;91;50;66;19;3;6;91
03.09.2019;108;53;33;20;3;7;108
04.09.2019;122;59;84;18;2;7;122
05.09.2019;122;62;73;31;3;6;122
06.09.2019;126;54;92;25;4;5;126
07.09.2019;112;74;87;30;3;6;112
08.09.2019;140;61;58;22;3;6;140
09.09.2019;131;41;43;11;1;7;131
10.09.2019;112;34;37;11;2;6;112
11.09.2019;85;29;29;12;2;7;85
12.09.2019;74;20;30;7;2;2;74
13.09.2019;35;11;28;13;1;2;35
14.09.2019;34;11;24;14;1;3;34
15.09.2019;39;26;21;21;2;5;39
16.09.2019;58;30;33;19;2;4;58
17.09.2019;78;40;32;23;2;6;78
18.09.2019;94;27;29;13;2;4;94
19.09.2019;68;36;36;16;2;5;68
20.09.2019;71;53;50;26;3;7;71
21.09.2019;96;53;58;26;3;6;96
22.09.2019;95;56;66;27;3;6;95
23.09.2019;102;56;37;26;3;7;102
24.09.2019;95;60;54;28;3;6;95
25.09.2019;113;78;62;38;4;7;113
26.09.2019;138;66;69;31;4;7;138
27.09.2019;118;72;51;34;3;7;118
28.09.2019;123;71;56;36;4;6;123
29.09.2019;128;81;78;38;4;8;128
30.09.2019;145;77;32;29;3;8;145
01.04.2019;155;108;24;30;5;8;155
02.04.2019;143;88;56;25;3;7;143
03.04.2019;129;59;49;27;2;6;129
04.04.2019;110;69;57;29;3;8;110
05.04.2019;134;68;67;27;2;4;134
06.04.2019;116;143;75;30;4;7;143
07.04.2019;161;189;73;26;6;9;189
08.04.2019;168;57;25;16;2;7;168
09.04.2019;98;71;12;22;2;9;98
10.04.2019;130;72;54;22;2;9;130
11.04.2019;123;79;25;24;3;8;123
12.04.2019;124;60;28;24;1;8;124
13.04.2019;102;61;50;21;3;5;102
14.04.2019;79;68;36;31;3;6;79
15.04.2019;95;75;40;23;2;4;95
16.04.2019;89;110;56;39;3;7;110
17.04.2019;146;107;86;38;3;13;146
18.04.2019;148;135;63;18;3;6;148
19.04.2019;150;51;24;16;3;6;150
20.04.2019;112;48;33;19;1;6;112
21.04.2019;103;54;55;16;2;9;103
22.04.2019;107;66;77;22;2;10;107
23.04.2019;117;100;83;31;2;10;117
24.04.2019;137;175;65;26;3;7;175
25.04.2019;156;64;31;16;2;5;156
26.04.2019;129;48;19;14;1;5;129
27.04.2019;110;49;14;15;2;6;110
28.04.2019;147;37;52;21;1;7;147
29.04.2019;79;73;42;18;2;5;79
30.04.2019;73;101;41;24;4;5;101
01.05.2019;109;64;61;18;4;4;109
02.05.2019;109;71;40;28;3;6;109
03.05.2019;110;63;59;24;2;7;110
04.05.2019;122;71;68;22;3;6;122
05.05.2019;123;64;34;16;2;5;123
06.05.2019;90;48;32;15;2;5;90
07.05.2019;101;41;45;15;1;6;101
08.05.2019;103;37;64;20;2;6;103
09.05.2019;57;48;59;21;2;5;59
10.05.2019;69;45;68;22;2;5;69
11.05.2019;66;430;31;22;2;4;430
12.05.2019;228;392;50;17;3;4;392
13.05.2019;224;210;11;37;4;7;224
14.05.2019;184;112;49;25;2;7;184
15.05.2019;139;83;15;31;2;7;139
16.05.2019;134;63;67;20;2;5;134
17.05.2019;112;87;41;35;2;7;112
18.05.2019;145;72;41;11;2;3;145
19.05.2019;88;64;50;18;3;3;88
20.05.2019;73;59;67;26;2;3;73
21.05.2019;93;53;88;26;3;3;93
22.05.2019;76;60;60;35;3;4;76
23.05.2019;97;56;94;32;2;5;97
24.05.2019;106;62;102;23;3;4;106
25.05.2019;112;91;54;14;3;3;112
26.05.2019;118;59;34;10;2;2;118
27.05.2019;78;23;28;13;1;3;78
28.05.2019;70;31;39;12;1;4;70
29.05.2019;73;34;66;16;2;4;73
30.05.2019;62;53;82;25;4;5;82
31.05.2019;91;48;60;14;2;4;91
01.06.2019;80;63;63;18;2;4;80
02.06.2019;89;51;76;19;3;4;89
03.06.2019;88;67;103;25;3;5;103
04.06.2019;96;29;33;11;1;4;96
05.06.2019;69;42;77;19;1;5;77
06.06.2019;77;51;97;28;2;6;97
07.06.2019;95;57;108;32;3;7;108
08.06.2019;98;54;106;17;2;6;106
09.06.2019;103;59;106;25;3;5;106
10.06.2019;101;45;76;13;2;4;101
11.06.2019;89;40;54;16;2;4;89
12.06.2019;69;38;95;14;1;4;95
13.06.2019;67;57;93;27;3;4;93
14.06.2019;101;41;39;12;1;4;101
15.06.2019;75;37;81;12;2;4;81
16.06.2019;67;45;52;20;3;5;67
17.06.2019;84;49;99;19;2;4;99
18.06.2019;93;54;30;22;2;5;93
19.06.2019;109;19;34;9;1;5;109
20.06.2019;56;30;28;13;1;8;56
21.06.2019;67;67;48;13;2;10;67
22.06.2019;120;63;89;12;1;7;120
23.06.2019;121;47;58;17; ;5;121
24.06.2019;101;52;95;16;1;5;101
25.06.2019;115;61;79;17;3;5;115
26.06.2019;118;56;46;11;1;7;118
27.06.2019;129;15;31;8;1;3;129
28.06.2019;47;45;34;21;2;4;47
29.06.2019;61;48;78;19;3;5;78
30.06.2019;73;42;86;25;3;4;86
01.01.2019;205;153;9;38;8;19;205
02.01.2019;269;209;11;36;6;22;269
03.01.2019;349;172;7;39;8;20;349
04.01.2019;300;147;13;40;8;18;300
05.01.2019;254;202;4;37;6;21;254
06.01.2019;341;154;15;35;5;18;341
07.01.2019;269;87;10;39;9;14;269
08.01.2019;170;125;13;34;9;14;170
09.01.2019;212;112;8;30;6;14;212
10.01.2019;214;136;6;38;3;18;214
11.01.2019;255;152;9;43;4;19;255
12.01.2019;283;161;10;46;8;23;283
13.01.2019;305;163;12;47;8;19;305
14.01.2019;292;71;21;24;6;8;292
15.01.2019;103;59;14;24;9;8;103
16.01.2019;93;83;18;34;8;12;93
17.01.2019;160;110;6;42;11;20;160
18.01.2019;195;96;24;34;7;17;195
19.01.2019;171;78;20;31;8;13;171
20.01.2019;142;59;26;24;5;10;142
21.01.2019;110;95;16;44;9;18;110
22.01.2019;174;102;26;44;12;19;174
23.01.2019;180;138;3;50;15;22;180
24.01.2019;238;90;16;27;11;12;238
25.01.2019;160;94;18;25;11;12;160
26.01.2019;177;111;12;29;10;15;177
27.01.2019;221;101;19;31;9;14;221
28.01.2019;196;94;33;32;9;14;196
29.01.2019;181;93;15;31;6;14;181
30.01.2019;178;55;23;15;2;10;178
31.01.2019;121;68;27;18;4;11;121
01.02.2019;147;107;28;19;3;10;147
02.02.2019;169;86;34;14;3;5;169
03.02.2019;110;77;36;26;6;8;110
04.02.2019;146;165;30;32;14;14;165
05.02.2019;278;125;38;25;8;13;278
06.02.2019;237;123;21;14;5;11;237
07.02.2019;183;73;16;15;4;10;183
08.02.2019;164;91;12;16;8;12;164
09.02.2019;177;81;20;21;3;10;177
10.02.2019;175;109;28;19;3;13;175
11.02.2019;223;125;29;30;3;15;223
12.02.2019;257;96;16;16;3;10;257
13.02.2019;192;73;14;19;2;12;192
14.02.2019;174;94;29;22;4;12;174
15.02.2019;183;79;19;23;8;9;183
16.02.2019;152;115;14;24;5;12;152
17.02.2019;204;119;8;23;2;14;204
18.02.2019;221;112;33;24;3;13;221
19.02.2019;196;136;36;28;3;15;196
20.02.2019;223;114;23;28;5;12;223
21.02.2019;200;98;30;27;3;12;200
22.02.2019;177;111;44;36;5;14;177
23.02.2019;188;129;55;34;7;15;188
24.02.2019;209;115;51;35;5;13;209
25.02.2019;196;76;32;23;3;8;196
26.02.2019;150;86;37;23;3;9;150
27.02.2019;158;101;30;31;4;11;158
28.02.2019;170;82;33;25;3;9;170
01.03.2019;145;50;25;19;2;6;145
02.03.2019;104;61;30;31;2;8;104
03.03.2019;124;92;30;41;3;11;124
04.03.2019;154;90;41;37;3;10;154
05.03.2019;155;94;46;41;6;10;155
06.03.2019;155;93;38;28;4;5;155
07.03.2019;139;68;35;26;5;4;139
08.03.2019;119;97;36;37;4;9;119
09.03.2019;159;84;28;33;3;8;159
10.03.2019;128;70;36;26;2;7;128
11.03.2019;93;71;37;25;3;6;93
12.03.2019;103;63;21;24;8;7;103
13.03.2019;112;59;36;25;3;6;112
14.03.2019;98;69;32;31;4;7;98
15.03.2019;102;80;28;40;4;8;102
16.03.2019;127;84;32;34;7;9;127
17.03.2019;146;57;46;20;3;6;146
18.03.2019;113;74;28;30;4;7;113
19.03.2019;141;146;50;21;4;7;146
20.03.2019;137;120;33;11;2;3;137
21.03.2019;110;79;25;28;3;5;110
22.03.2019;102;74;37;28;4;5;102
23.03.2019;107;90;32;37;5;6;107
24.03.2019;137;101;33;42;3;7;137
25.03.2019;135;116;58;42;6;10;135
26.03.2019;152;102;37;36;4;9;152
27.03.2019;129;113;45;41;4;9;129
28.03.2019;134;106;38;31;3;7;134
29.03.2019;121;79;42;15;3;4;121
30.03.2019;72;75;46;23;7;5;75
31.03.2019;120;112;64;35;7;7;120
01.10.2018;62;63;36;38;6;8;63
02.10.2018;99;58;42;39;6;8;99
03.10.2018;85;73;52;37;8;10;85
04.10.2018;129;83;49;38;7;11;129
05.10.2018;152;67;25;28;7;8;152
06.10.2018;109;72;26;31;7;8;109
07.10.2018;110;92;29;36;7;10;110
08.10.2018;148;52;33;26;6;6;148
09.10.2018;65;66;29;36;6;6;66
10.10.2018;87;76;34;36;8;8;87
11.10.2018;131;94;50;39;9;13;131
12.10.2018;162;80;24;37;7;11;162
13.10.2018;139;79;35;24;4;11;139
14.10.2018;153;81;34;38;5;12;153
15.10.2018;147;97;25;39;6;12;147
16.10.2018;166;93;46;26;6;12;166
17.10.2018;141;66;45;16;5;9;141
18.10.2018;126;50;40;15;5;7;126
19.10.2018;99;42;29;19;4;6;99
20.10.2018;88;55;13;26;4;8;88
21.10.2018;115;64;23;25;5;11;115
22.10.2018;98;92;30;35;7;11;98
23.10.2018;137;113;27;41;8;13;137
24.10.2018;161;73;29;31;5;10;161
25.10.2018;110;76;21;32;6;9;110
26.10.2018;97;89;18;41;7;12;97
27.10.2018;137;79;27;34;7;11;137
28.10.2018;123;66;27;31;6;12;123
29.10.2018;115;73;24;33;7;11;115
30.10.2018;116;85;22;38;7;10;116
31.10.2018;136;112;48;40;9;14;136
01.11.2018;175;83;49;26;7;10;175
02.11.2018;148;81;34;29;9;8;148
03.11.2018;154;63;17;18;5;5;154
04.11.2018;90;43;7;22;5;5;90
05.11.2018;91;25;15;18;4;5;91
06.11.2018;69;37;19;23;5;6;69
07.11.2018;85;57;12;33;5;8;85
08.11.2018;105;84;17;37;6;11;105
09.11.2018;163;110;2;40;6;16;163
10.11.2018;180;84;10;32;5;13;180
11.11.2018;167;115;20;38;6;15;167
12.11.2018;175;127;14;37;7;15;175
13.11.2018;197;128;2;35;7;17;197
14.11.2018;201;88;5;21;6;11;201
15.11.2018;149;51;10;17;5;7;149
16.11.2018;97;40;16;18;5;6;97
17.11.2018;93;60;27;23;6;8;93
18.11.2018;112;88;9;40;8;13;112
19.11.2018;153;111;4;35;8;17;153
20.11.2018;179;67;24;27;7;11;179
21.11.2018;112;86;7;42;8;13;112
22.11.2018;143;102;8;49;9;15;143
23.11.2018;177;127;9;53;9;17;177
24.11.2018;215;141;9;53;9;19;215
25.11.2018;240;392;14;36;7;14;392
26.11.2018;206;462;2;35;11;13;462
27.11.2018;199;182;8;44;11;17;199
28.11.2018;194;197;11;52;17;20;197
29.11.2018;223;229;10;48;14;21;229
30.11.2018;269;228;12;43;11;21;269
01.12.2018;282;271;5;30;7;21;282
02.12.2018;272;482;12;22;7;9;482
03.12.2018;179;256;18;22;10;9;256
04.12.2018;167;144;11;24;10;13;167
05.12.2018;170;116;16;25;8;13;170
06.12.2018;151;57;19;18;10;7;151
07.12.2018;86;55;19;15;10;7;86
08.12.2018;81;65;15;22;13;10;81
09.12.2018;146;102;5;31;13;14;146
10.12.2018;187;85;20;28;10;11;187
11.12.2018;143;79;14;32;13;12;143
12.12.2018;149;98;8;44;14;15;149
13.12.2018;174;112;6;41;19;17;174
14.12.2018;189;100;19;35;13;16;189
15.12.2018;171;85;18;39;8;16;171
16.12.2018;154;87;10;48;7;15;154
17.12.2018;154;135;11;56;12;19;154
18.12.2018;201;144;8;55;19;19;201
19.12.2018;229;139;11;46;22;24;229
20.12.2018;230;124;4;40;13;19;230
21.12.2018;191;82;10;28;8;11;191
22.12.2018;165;64;13;22;7;5;165
23.12.2018;100;89;13;26;10;7;100
24.12.2018;133;81;9;24;7;9;133
25.12.2018;162;104;3;22;15;13;162
26.12.2018;180;98;3;22;10;14;180
27.12.2018;175;60;17;15;5;8;175
28.12.2018;101;58;15;16;6;7;101
29.12.2018;122;82;8;28;14;13;122
30.12.2018;165; ; ; ; ; ;165
01.07.2018;96;52;61;15;2;9;96
02.07.2018;119;39;41;14;2;8;119
03.07.2018;94;20;41;14;1;10;94
04.07.2018;55;44;84;19;2;11;84
05.07.2018;84;68;93;27;3;12;93
06.07.2018;131;75;115;31;4;11;131
07.07.2018;150;51;35;18;2;10;150
08.07.2018;106;31;37;15;2;10;106
09.07.2018;71;34;27;13;2;10;71
10.07.2018;72;26;31;14;2;9;72
11.07.2018;52;53;61;24;3;10;61
12.07.2018;78;84;65;37;2;12;84
13.07.2018;137;60;60;21;3;9;137
14.07.2018;104;54;69;19;3;8;104
15.07.2018;90;58;80;19;4;8;90
16.07.2018;88;44;92;16;3;8;92
17.07.2018;77;47;40;17;4;7;77
18.07.2018;71;44;43;9;3;6;71
19.07.2018;103;48;60;15;4;6;103
20.07.2018;87;48;108;12;4;6;108
21.07.2018;71;58;80;16;4;7;80
22.07.2018;100;58;84;14;4;6;100
23.07.2018;109;50;83;16;4;6;109
24.07.2018;80;57;105;21;5;6;105
25.07.2018;74;59;62;21;4;7;74
26.07.2018;81;45;54;15;4;7;81
27.07.2018;73;48;59;15;4;7;73
28.07.2018;82;54;75;13;4;8;82
29.07.2018;130;54;76;17;4;8;130
30.07.2018;105;53;48;20;4;9;105
31.07.2018;101;47;41;18;4;7;101
01.08.2018;85;37;44;12;3;6;85
02.08.2018;71;57;76;15;4;8;76
03.08.2018;121;67;112;28;5;8;121
04.08.2018;119;69;107;22;5;9;119
05.08.2018;118;74;110;23;5;11;118
06.08.2018;149;58;96;19;5;9;149
07.08.2018;105;51;117;17;4;8;117
08.08.2018;82;48;77;17;5;7;82
09.08.2018;79;39;64;17;5;7;79
10.08.2018;67;50;76;20;5;7;76
11.08.2018;81;58;85;22;5;7;85
12.08.2018;78;62;79;21;6;8;79
13.08.2018;100;58;108;19;5;10;108
14.08.2018;117;72;83;27;5;11;117
15.08.2018;137;57;70;19;5;9;137
16.08.2018;105;43;55;14;5;8;105
17.08.2018;88;51;89;18;5;8;89
18.08.2018;82;57;74;26;7;8;82
19.08.2018;95;60;110;24;7;10;110
20.08.2018;103;45;74;16;6;8;103
21.08.2018;91;22;35;14;4;7;91
22.08.2018;52;38;70;21;4;8;70
23.08.2018;75;48;103;21;4;8;103
24.08.2018;79;61;89;24;5;10;89
25.08.2018;117;59;94;18;5;9;117
26.08.2018;113;55;93;18;6;8;113
27.08.2018;111;60;107;21;6;9;111
28.08.2018;120;74;110;28;6;10;120
29.08.2018;142;64;93;16;6;9;142
30.08.2018;134;69;75;17;7;9;134
31.08.2018;126;49;55;12;5;8;126
01.09.2018;91;30;27;11;4;7;91
02.09.2018;51;33;53;13;4;6;53
03.09.2018;52;58;69;24;6;7;69
04.09.2018;76;29;39;14;4;5;76
05.09.2018;58;49;35;17;4;6;58
06.09.2018;73;45;41;22;5;5;73
07.09.2018;56;46;47;29;5;5;56
08.09.2018;66;62;68;26;7;7;68
09.09.2018;97;41;65;17;4;7;97
10.09.2018;87;48;72;20;6;6;87
11.09.2018;85;61;56;25;7;8;85
12.09.2018;111;51;39;24;5;7;111
13.09.2018;101;60;35;30;5;9;101
14.09.2018;122;36;13;16;4;7;122
15.09.2018;64;20;21;13;4;6;64
16.09.2018;42;35;10;25;4;6;42
17.09.2018;74;36;14;22;3;8;74
18.09.2018;74;27;15;21;3;11;74
19.09.2018;57;35;11;24;4;11;57
20.09.2018;57;48;54;24;5;9;57
21.09.2018;71;62;60;28;8;9;71
22.09.2018;82;67;59;30;9;10;82
23.09.2018;112;71;51;25;9;10;112
24.09.2018;101;34;25;15;4;9;101
25.09.2018;77;38;29;16;6;8;77
26.09.2018;78;51;8;21;4;11;78
27.09.2018;99;55;26;24;5;11;99
28.09.2018;74;69;33;29;5;9;74
29.09.2018;97;59;38;30;6;8;97
30.09.2018;86;46;37;31;6;6;86
01.04.2018;145;132;65;39;9;9;145
02.04.2018;158;156;87;43;15;12;158
03.04.2018;176;346;40;14;7;8;346
04.04.2018;145;85;38;17;4;8;145
05.04.2018;134;127;48;13;4;6;134
06.04.2018;127;88;38;35;11;8;127
07.04.2018;122;95;49;38;8;10;122
08.04.2018;131;114;60;47;9;13;131
09.04.2018;160;267;50;42;9;12;267
10.04.2018;174;238;23;38;14;12;238
11.04.2018;183;88;37;17;5;10;183
12.04.2018;143;37;32;15;4;7;143
13.04.2018;71;82;42;20;6;6;82
14.04.2018;94;92;50;28;4;6;94
15.04.2018;104;98;49;39;8;7;104
16.04.2018;138;112;58;46;9;10;138
17.04.2018;151;105;81;40;7;11;151
18.04.2018;139;92;74;28;6;9;139
19.04.2018;129;81;68;17;6;8;129
20.04.2018;130;70;71;22;5;8;130
21.04.2018;124;90;27;28;6;11;124
22.04.2018;146;63;37;19;6;12;146
23.04.2018;119;51;19;17;6;10;119
24.04.2018;85;35;31;20;5;7;85
25.04.2018;62;66;59;29;6;9;66
26.04.2018;101;77;63;38;7;10;101
27.04.2018;107;65;37;30;6;9;107
28.04.2018;89;62;74;29;6;8;89
29.04.2018;94;112;37;34;7;8;112
30.04.2018;141;93;66;21;6;7;141
01.05.2018;119;78;62;23;6;6;119
02.05.2018;94;87;59;34;9;8;94
03.05.2018;130;77;44;32;7;10;130
04.05.2018;128;92;34;26;6;10;128
05.05.2018;126;48;26;19;2;8;126
06.05.2018;70;55;63;22;4;8;70
07.05.2018;76;85;25;32;7;10;85
08.05.2018;133;93;41;29;7;11;133
09.05.2018;147;75;52;23;5;10;147
10.05.2018;117;51;49;17;4;8;117
11.05.2018;69;70;62;29;6;8;70
12.05.2018;86;92;82;36;7;11;92
13.05.2018;128;87;77;27;7;9;128
14.05.2018;125;68;93;19;6;9;125
15.05.2018;112;76;134;28;6;10;134
16.05.2018;119;115;35;24;6;10;119
17.05.2018;143;90;75;22;9;8;143
18.05.2018;125;55;47;12;5;9;125
19.05.2018;110;49;36;15;6;8;110
20.05.2018;84;63;28;16;5;8;84
21.05.2018;101;122;51;13;4;5;122
22.05.2018;135;93;52;31;6;6;135
23.05.2018;118;96;71;31;8;8;118
24.05.2018;130;81;88;24;7;9;130
25.05.2018;120;198;32;20;4;7;198
26.05.2018;154;127;57;19;5;6;154
27.05.2018;143;94;45;35;6;8;143
28.05.2018;110;89;67;40;7;10;110
29.05.2018;124;79;73;34;9;8;124
30.05.2018;113;73;91;29;8;8;113
31.05.2018;110;79;81;16;6;9;110
01.06.2018;126;60;118;22;6;8;126
02.06.2018;100;77;94;24;6;8;100
03.06.2018;107;67;70;17;5;7;107
04.06.2018;74;71;94;36;6;8;94
05.06.2018;99;81;132;40;7;10;132
06.06.2018;114;98;62;13;6;7;114
07.06.2018;108;42;35;11;4;7;108
08.06.2018;75;36;81;17;3;7;81
09.06.2018;62;60;96;34;6;9;96
10.06.2018;84;62;126;32;6;9;126
11.06.2018;88;52;129;19;6;7;129
12.06.2018;72;61;113;25;6;8;113
13.06.2018;87;71;142;34;9;9;142
14.06.2018;97;67;84;30;7;9;97
15.06.2018;103;54;60;19;6;8;103
16.06.2018;95;62;92;19;5;10;95
17.06.2018;123;43;44;16;4;11;123
18.06.2018;103;43;99;20;2;11;103
19.06.2018;80;61;102;23;6;10;102
20.06.2018;111;41;64;13;5;8;111
21.06.2018;78;57;98;21;8;9;98
22.06.2018;101;61;108;24;9;9;108
23.06.2018;107;55;96;13;6;8;107
24.06.2018;100;56;41;13;3;11;100
25.06.2018;121;37;26;16; ;12;121
26.06.2018;76;51;46;24;3;12;76
27.06.2018;80;45;93;35;4;9;93
28.06.2018;70;70;112;41;6;10;112
29.06.2018;121;65;89;23;5;11;121
30.06.2018;124;54;80;17;4;8;124
01.01.2018;264;270;2;51;29;28;270
02.01.2018;294;133;16;28;13;18;294
03.01.2018;215;66;25;17;7;9;215
04.01.2018;161;80;22;21;11;12;161
05.01.2018;180;117;18;25;13;16;180
06.01.2018;221;73;29;24;15;16;221
07.01.2018;196;73;33;24;10;10;196
08.01.2018;101;81;30;36;16;15;101
09.01.2018;149;108;27;41;16;17;149
10.01.2018;169;133;16;54;21;20;169
11.01.2018;206;123;25;46;22;19;206
12.01.2018;202;183;3;58;21;27;202
13.01.2018;299;188;27;48;25;25;299
14.01.2018;342;221;14;58;20;31;342
15.01.2018;355;204;26;51;18;29;355
16.01.2018;322;154;22;39;17;20;322
17.01.2018;202;156;6;48;20;23;202
18.01.2018;225;158;17;52;23;25;225
19.01.2018;232;171;27;58;17;25;232
20.01.2018;263;176;25;56;18;24;263
21.01.2018;276;186;13;60;18;29;276
22.01.2018;288;133;18;36;13;20;288
23.01.2018;214;111;7;26;12;18;214
24.01.2018;194;97;27;22;8;13;194
25.01.2018;196;85;32;22;12;12;196
26.01.2018;182;82;27;27;12;11;182
27.01.2018;189;59;26;27;12;13;189
28.01.2018;195;60;29;28;15;11;195
29.01.2018;137;64;33;28;14;11;137
30.01.2018;145;74;35;23;8;9;145
31.01.2018;87;104;27;42;17;18;104
01.02.2018;183;69;30;27;10;10;183
02.02.2018;93;67;31;32;12;12;93
03.02.2018;116;92;18;42;16;16;116
04.02.2018;167;96;37;42;17;17;167
05.02.2018;178;111;35;54;17;21;178
06.02.2018;186;122;22;48;17;23;186
07.02.2018;202;111;26;36;19;18;202
08.02.2018;175;192;34;29;18;15;192
09.02.2018;186;253;39;16;7;9;253
10.02.2018;123;88;38;24;13;12;123
11.02.2018;127;89;42;31;17;14;127
12.02.2018;143;103;33;47;17;21;143
13.02.2018;186;124;56;39;23;20;186
14.02.2018;218;110;43;20;17;11;218
15.02.2018;169;233;70;29;28;17;233
16.02.2018;324;145;42;28;24;18;324
17.02.2018;246;121;39;23;16;16;246
18.02.2018;230;54;45;14;8;8;230
19.02.2018;125;63;31;19;11;10;125
20.02.2018;149;37;42;13;6;7;149
21.02.2018;79;53;39;29;7;11;79
22.02.2018;99;74;43;29;10;17;99
23.02.2018;146;89;42;21;9;8;146
24.02.2018;97;106;47;32;14;12;106
25.02.2018;164;132;44;47;15;17;164
26.02.2018;200;99;32;41;12;14;200
27.02.2018;182;82;47;37;8;16;182
28.02.2018;142;127;52;27;11;13;142
01.03.2018;163;101;32;33;11;12;163
02.03.2018;171;164;52;49;14;19;171
03.03.2018;267;91;30;35;8;12;267
04.03.2018;127;51;19;23;6;10;127
05.03.2018;130;57;27;18;5;11;130
06.03.2018;127;60;29;22;6;11;127
07.03.2018;142;87;41;26;8;13;142
08.03.2018;144;134;37;39;9;14;144
09.03.2018;202;176;34;62;14;22;202
10.03.2018;263;179;78;48;10;19;263
11.03.2018;258;171;62;50;10;19;258
12.03.2018;257;142;71;57;12;23;257
13.03.2018;198;123;71;54;11;18;198
14.03.2018;172;193;68;44;12;15;193
15.03.2018;179;248;37;14;5;6;248
16.03.2018;110;68;30;19;5;8;110
17.03.2018;123;77;14;24;4;11;123
18.03.2018;174;86;10;31;6;14;174
19.03.2018;176;107;35;32;8;13;176
20.03.2018;191;139;52;35;8;14;191
21.03.2018;189;105;56;32;8;10;189
22.03.2018;146;102;42;41;10;12;146
23.03.2018;161;123;68;41;14;15;161
24.03.2018;181;106;74;37;12;13;181
25.03.2018;177;129;63;47;10;17;177
26.03.2018;161;103;52;43;8;13;161
27.03.2018;125;111;62;45;10;14;125
28.03.2018;147;147;78;32;10;12;147
29.03.2018;154;116;67;18;9;11;154
30.03.2018;152;95;39;24;8;10;152
31.03.2018;129;136;58;28;8;7;136
01.10.2017;156;87;15;25;7;17;156
02.10.2017;153;17;22;12;4;10;153
03.10.2017;55;19;22;12;4;10;55
04.10.2017;55;40;19;14;5;11;55
05.10.2017;95;61;21;19;7;12;95
06.10.2017;130;74;13;22;9;16;130
07.10.2017;137;84;4;21;7;21;137
08.10.2017;145;26;19;12;5;8;145
09.10.2017;57;17;20;15;5;8;57
10.10.2017;44;39;2;22;5;11;44
11.10.2017;84;34;28;24;5;10;84
12.10.2017;75;71;7;26;10;13;75
13.10.2017;157;83;7;28;9;16;157
14.10.2017;170;73;18;20;6;12;170
15.10.2017;155;70;21;18;5;12;155
16.10.2017;129;56;24;17;6;13;129
17.10.2017;110;71;29;26;6;15;110
18.10.2017;135;96;35;32;8;16;135
19.10.2017;157;109;27;36;7;18;157
20.10.2017;167;103;18;32;11;18;167
21.10.2017;164;114;4;35;8;19;164
22.10.2017;162;117;37;27;7;17;162
23.10.2017;172;78;32;15;6;10;172
24.10.2017;140;98;20;28;5;14;140
25.10.2017;171;89;30;29;10;15;171
26.10.2017;139;101;26;39;9;17;139
27.10.2017;165;108;13;33;10;14;165
28.10.2017;149;78;18;26;7;9;149
29.10.2017;90;74;8;30;9;11;90
30.10.2017;145;79;3;30;11;13;145
31.10.2017;159;66;4;27;6;13;159
01.11.2017;151;77;17;31;6;18;151
02.11.2017;127;89;23;32;11;13;127
03.11.2017;141;93;35;32;9;12;141
04.11.2017;164;124;28;46;11;16;164
05.11.2017;195;162;29;52;15;22;195
06.11.2017;206;98;26;39;9;15;206
07.11.2017;122;121;21;46;15;19;122
08.11.2017;179;138;8;41;12;19;179
09.11.2017;173;67;46;25;7;13;173
10.11.2017;76;82;8;28;12;12;82
11.11.2017;131;116;9;35;15;17;131
12.11.2017;175;152;9;51;10;21;175
13.11.2017;212;129;17;39;15;22;212
14.11.2017;204;114;21;37;16;20;204
15.11.2017;189;179;3;52;15;26;189
16.11.2017;287;226;3;55;22;30;287
17.11.2017;338;89;16;28;12;13;338
18.11.2017;112;68;10;26;11;13;112
19.11.2017;147;78;11;35;14;16;147
20.11.2017;159;92;20;34;13;16;159
21.11.2017;156;74;16;32;10;13;156
22.11.2017;110;88;9;43;16;23;110
23.11.2017;159;105;23;39;14;17;159
24.11.2017;148;106;20;42;16;19;148
25.11.2017;167;124;18;40;21;20;167
26.11.2017;200;125;11;43;15;19;200
27.11.2017;191;111;22;40;16;17;191
28.11.2017;181;114;14;30;13;15;181
29.11.2017;180;126;26;34;15;19;180
30.11.2017;202;123;10;39;19;20;202
01.12.2017;184;159;15;51;26;22;184
02.12.2017;257;159;24;49;16;23;257
03.12.2017;254;113;23;39;12;15;254
04.12.2017;186;77;22;34;13;12;186
05.12.2017;133;109;17;39;19;15;133
06.12.2017;176;104;18;40;16;15;176
07.12.2017;166;59;22;28;10;8;166
08.12.2017;80;92;21;33;16;12;92
09.12.2017;167;100;27;38;13;14;167
10.12.2017;149;113;25;41;20;15;149
11.12.2017;177;115;12;36;21;15;177
12.12.2017;181;96;5;27;15;13;181
13.12.2017;168;109;3;29;14;14;168
14.12.2017;192;125;21;34;18;17;192
15.12.2017;212;64;22;27;10;8;212
16.12.2017;105;89;13;37;16;14;105
17.12.2017;165;95;24;35;20;17;165
18.12.2017;163;103;19;43;18;21;163
19.12.2017;168;91;15;41;20;17;168
20.12.2017;175;122;4;59;20;21;175
21.12.2017;198;163;9;64;25;26;198
22.12.2017;273;178;22;57;19;22;273
23.12.2017;260;145;34;27;9;7;260
24.12.2017;125;137;10;45;19;15;137
25.12.2017;177;145;12;46;23;17;177
26.12.2017;204;177;10;56;22;26;204
27.12.2017;270;335;3;76;29;40;335
28.12.2017;407;433;15;33;15;16;433
29.12.2017;206;230;24;29;13;22;230
30.12.2017;161;200;13;40;16;28;200
31.12.2017;182;314;8;65;25;34;314
01.07.2017;103;84;111;34;6;11;111
02.07.2017;153;83;135;30;6;11;153
03.07.2017;145;95;116;33;7;11;145
04.07.2017;143;81;44;23;4;13;143
05.07.2017;143;52;33;18;4;11;143
06.07.2017;84;62;96;26;6;10;96
07.07.2017;89;70;70;36;10;11;89
08.07.2017;94;75;98;40;10;12;98
09.07.2017;111;86;123;40;8;11;123
10.07.2017;129;84;136;36;6;10;136
11.07.2017;128;68;114;22;7;9;128
12.07.2017;103;62;92;22;5;10;103
13.07.2017;98;67;108;24;4;9;108
14.07.2017;84;57;90;17;5;9;90
15.07.2017;92;62;69;14;4;12;92
16.07.2017;123;46;43;14;4;9;123
17.07.2017;85;48;69;19;4;10;85
18.07.2017;71;54;75;18;4;9;75
19.07.2017;79;57;112;16;3;10;112
20.07.2017;93;94;115;17;4;10;115
21.07.2017;90;54;72;17;2;10;90
22.07.2017;88;54;95;19;3;11;95
23.07.2017;83;50;95;18;5;10;95
24.07.2017;72;69;65;17;4;12;72
25.07.2017;116;66;77;14;3;12;116
26.07.2017;122;71;96;13;6;13;122
27.07.2017;126;33;30;13;3;10;126
28.07.2017;68;50;28;13;3;14;68
29.07.2017;112;51;92;17;3;14;112
30.07.2017;95;63;98;24;4;12;98
31.07.2017;114;82;103;20;4;15;114
01.08.2017;163;85;107;26;5;14;163
02.08.2017;157;74;104;32;5;11;157
03.08.2017;124;82;142;34;8;12;142
04.08.2017;136;87;111;32;6;12;136
05.08.2017;156;80;43;26;7;13;156
06.08.2017;133;44;38;14;3;11;133
07.08.2017;91;36;60;18;7;11;91
08.08.2017;63;63;79;23;9;10;79
09.08.2017;97;69;106;36;10;14;106
10.08.2017;101;87;119;39;7;10;119
11.08.2017;134;61;110;22;5;8;134
12.08.2017;96;52;55;15;4;9;96
13.08.2017;94;55;90;21;3;10;94
14.08.2017;106;102;118;32;5;12;118
15.08.2017;152;73;106;25;5;11;152
16.08.2017;137;62;83;21;5;8;137
17.08.2017;118;62;45;17;5;8;118
18.08.2017;131;66;37;20;5;11;131
19.08.2017;137;60;43;14;4;10;137
20.08.2017;131;36;57;12;6;8;131
21.08.2017;65;61;52;16;5;11;65
22.08.2017;124;49;63;15;11;8;124
23.08.2017;69;67;75;20;11;8;75
24.08.2017;101;56;30;25;6;8;101
25.08.2017;89;60;25;19;5;10;89
26.08.2017;125;72;59;16;7;11;125
27.08.2017;132;29;18;17;7;9;132
28.08.2017;57;25;28;14;4;9;57
29.08.2017;57;19;25;17;3;11;57
30.08.2017;47;42;69;21;5;12;69
31.08.2017;69;77;35;19;5;13;77
01.09.2017;149;73;35;21;9;14;149
02.09.2017;146;52;28;17;5;9;146
03.09.2017;107;60;23;20;6;10;107
04.09.2017;126;49;18;21;5;11;126
05.09.2017;106;40;3;29;6;10;106
06.09.2017;69; ; ; ; ; ;69
11.09.2017;99;89;76;30;8;12;99
12.09.2017;144;60;62;17;5;8;144
13.09.2017;103;73;70;25;6;10;103
14.09.2017;141;97;61;27;8;12;141
15.09.2017;162;73;26;27;6;12;162
16.09.2017;141;67;59;27;5;13;141
17.09.2017;127;80;53;29;9;13;127
18.09.2017;120;66;28;29;8;11;120
19.09.2017;100;79;53;31;10;12;100
20.09.2017;113;100;86;43;8;12;113
21.09.2017;155;93;23;36;9;12;155
22.09.2017;142;131;65;41;12;16;142
23.09.2017;170;131;58;40;11;17;170
24.09.2017;173;60;23;16;4;10;173
25.09.2017;105;37;19;16;4;9;105
26.09.2017;69;39;22;20;4;10;69
27.09.2017;70;61;40;22;6;11;70
28.09.2017;106;98;40;34;8;14;106
29.09.2017;160;80;23;22;7;14;160
30.09.2017;149;84;12;22;6;14;149
01.04.2017;111;86;39;38;18;13;111
02.04.2017;154;96;22;40;13;16;154
03.04.2017;166;86;45;26;9;13;166
04.04.2017;153;87;40;20;7;13;153
05.04.2017;158;109;54;31;9;16;158
06.04.2017;165;107;25;28;12;17;165
07.04.2017;168;73;18;24;8;13;168
08.04.2017;138;33;27;16;6;11;138
09.04.2017;85;42;21;22;6;13;85
10.04.2017;114;61;46;27;7;14;114
11.04.2017;146;71;54;32;7;12;146
12.04.2017;132;65;53;29;7;10;132
13.04.2017;96;95;62;40;10;13;96
14.04.2017;139;105;40;38;9;15;139
15.04.2017;152;48;33;19;4;10;152
16.04.2017;97;107;50;28;8;13;107
17.04.2017;126;355;51;29;7;10;355
18.04.2017;179;161;27;26;9;10;179
19.04.2017;163;76;38;22;7;9;163
20.04.2017;135;105;44;23;7;7;135
21.04.2017;162;77;49;35;10;10;162
22.04.2017;153;105;34;54;10;16;153
23.04.2017;160;136;67;46;13;20;160
24.04.2017;174;72;47;25;8;12;174
25.04.2017;143;80;37;24;10;11;143
26.04.2017;133;93;69;36;9;14;133
27.04.2017;167;72;60;40;9;14;167
28.04.2017;122;91;58;53;10;14;122
29.04.2017;123;117;77;47;12;15;123
30.04.2017;171;91;99;35;10;12;171
01.05.2017;141;74;52;17;7;9;141
02.05.2017;115;61;31;17;5;10;115
03.05.2017;84;116;50;24;6;11;116
04.05.2017;134;468;54;24;7;10;468
05.05.2017;280;263;46;33;9;11;280
06.05.2017;215;150;24;36;8;11;215
07.05.2017;169;70;62;24;7;10;169
08.05.2017;146;81;69;42;9;12;146
09.05.2017;143;90;46;33;9;11;143
10.05.2017;127;67;59;26;9;9;127
11.05.2017;97;79;72;34;8;11;97
12.05.2017;117;83;91;36;10;11;117
13.05.2017;130;75;40;31;9;9;130
14.05.2017;109;60;31;25;7;9;109
15.05.2017;113;49;68;20;5;8;113
16.05.2017;74;63;87;36;8;10;87
17.05.2017;97;75;32;39;10;12;97
18.05.2017;119;68;89;29;11;13;119
19.05.2017;119;64;80;20;8;8;119
20.05.2017;106;84;119;22;7;10;119
21.05.2017;159;93;31;20;7;10;159
22.05.2017;117;46;75;13;7;8;117
23.05.2017;74;61;90;26;9;9;90
24.05.2017;105;51;86;32;9;9;105
25.05.2017;73;60;98;40;9;10;98
26.05.2017;97;60;95;37;9;11;97
27.05.2017;102;69;112;42;9;13;112
28.05.2017;121;69;46;37;8;11;121
29.05.2017;125;48;87;17;8;10;125
30.05.2017;102;69;100;33;8;11;102
31.05.2017;106;69;98;29;7;11;106
01.06.2017;120;78;118;31;9;10;120
02.06.2017;116;93;53;27;7;11;116
03.06.2017;143;43;39;14;1;10;143
04.06.2017;111;27;46;13;5;9;111
05.06.2017;77;38;62;17;5;9;77
06.06.2017;73;47;61;17;6;8;73
07.06.2017;57;41;87;18;5;9;87
08.06.2017;87;57;32;26;7;10;87
09.06.2017;90;30;68;17;8;8;90
10.06.2017;57;60;41;35;8;10;60
11.06.2017;96;70;84;30;9;11;96
12.06.2017;122;53;90;18;7;8;122
13.06.2017;96;69;64;15;7;9;96
14.06.2017;128;63;108;20;7;10;128
15.06.2017;105;67;108;27;9;10;108
16.06.2017;151;72;96;22;7;10;151
17.06.2017;155;72;105;26;7;10;155
18.06.2017;139;85;107;27;8;10;139
19.06.2017;135;59;94;16;6;9;135
20.06.2017;90;74;86;29;7;10;90
21.06.2017;120;62;88;18;6;10;120
22.06.2017;101;77;70;23;6;10;101
23.06.2017;114;69;71;23;12;10;114
24.06.2017;86;67;119;31;8;10;119
25.06.2017;93;68;113;35;8;10;113
26.06.2017;104;73;112;32;8;11;112
27.06.2017;121;65;95;22;7;10;121
28.06.2017;109;58;68;18;5;10;109
29.06.2017;114;65;93;22;6;13;114
30.06.2017;91;61;106;23;6;10;106
02.01.2017;354;382;17;66;20;42;382
03.01.2017;469;462;6;71;24;43;469
04.01.2017;502;519;5;56;32;49;519
05.01.2017;536;148;9;29;13;29;536
06.01.2017;223;79;9;26;12;20;223
07.01.2017;162;122;20;40;17;28;162
08.01.2017;223;103;13;37;18;18;223
09.01.2017;178;71;25;21;13;12;178
10.01.2017;144;66;27;22;13;11;144
11.01.2017;130;90;30;31;14;16;130
12.01.2017;146;145;19;51;24;29;146
13.01.2017;211;145;21;40;23;24;211
14.01.2017;212;148;9;36;22;19;212
15.01.2017;213;243;11;44;26;29;243
16.01.2017;357;292;13;46;20;30;357
17.01.2017;361;254;17;45;27;24;361
18.01.2017;337;196;34;28;16;16;337
19.01.2017;202;67;27;21;15;10;202
20.01.2017;92;91;19;30;14;15;92
21.01.2017;156;143;25;43;20;23;156
22.01.2017;194;172;29;44;28;27;194
23.01.2017;252;292;17;43;30;32;292
24.01.2017;378;399;28;43;26;32;399
25.01.2017;422;542;31;30;18;24;542
26.01.2017;303;205;35;20;15;15;303
27.01.2017;158;154;25;20;21;16;158
28.01.2017;200;147;36;17;16;13;200
29.01.2017;135;108;28;12;18;11;135
30.01.2017;126;112;22;19;16;14;126
31.01.2017;173;165;31;25;19;22;173
01.02.2017;223;141;29;23;20;18;223
02.02.2017;201;200;35;35;25;25;201
03.02.2017;271;237;40;44;34;30;271
04.02.2017;354;216;51;40;30;30;354
05.02.2017;328;273;30;29;17;23;328
06.02.2017;319;117;20;21;11;16;319
07.02.2017;196;54;36;15;9;11;196
08.02.2017;86;62;32;31;12;15;86
09.02.2017;115;68;45;32;16;15;115
10.02.2017;135;104;28;44;17;22;135
11.02.2017;194;166;31;48;23;25;194
12.02.2017;262;173;33;46;30;28;262
13.02.2017;271;202;46;47;24;26;271
14.02.2017;297;289;25;64;22;33;297
15.02.2017;350;203;39;49;19;30;350
16.02.2017;268;150;33;33;23;19;268
17.02.2017;183;172;28;49;20;20;183
18.02.2017;219;258;40;68;23;29;258
19.02.2017;296;193;23;32;16;15;296
20.02.2017;170;90;25;19;9;13;170
21.02.2017;130;105;32;29;15;17;130
22.02.2017;150;69;38;24;11;11;150
23.02.2017;83;89;28;39;14;17;89
24.02.2017;148;83;40;42;14;15;148
25.02.2017;149;106;34;49;17;17;149
26.02.2017;201;132;23;60;20;19;201
27.02.2017;191;146;31;48;18;22;191
28.02.2017;220;81;44;21;8;10;220
01.03.2017;84;78;36;32;16;12;84
02.03.2017;123;93;41;36;17;14;123
03.03.2017;148;131;39;42;24;18;148
04.03.2017;181;140;32;44;22;21;181
05.03.2017;192;68;36;28;12;13;192
06.03.2017;94;101;28;42;18;18;101
07.03.2017;157;77;41;29;17;14;157
08.03.2017;127;90;39;31;23;19;127
09.03.2017;154;143;27;42;31;21;154
10.03.2017;181;119;28;31;24;16;181
11.03.2017;205;75;24;21;9;15;205
12.03.2017;162;44;32;17;5;11;162
13.03.2017;115;69;36;21;8;13;115
14.03.2017;160;70;32;20;10;13;160
15.03.2017;155;85;37;24;15;13;155
16.03.2017;175;83;35;25;11;14;175
17.03.2017;174;114;34;35;11;16;174
18.03.2017;202;109;33;33;14;13;202
19.03.2017;204;88;39;29;10;12;204
20.03.2017;189;87;37;25;9;13;189
21.03.2017;180;57;49;15;7;10;180
22.03.2017;143;80;26;21;7;12;143
23.03.2017;183;135;31;28;11;17;183
24.03.2017;156;89;41;28;9;11;156
25.03.2017;110;83;37;36;11;12;110
26.03.2017;126;99;40;39;13;14;126
27.03.2017;156;117;45;42;13;16;156
28.03.2017;161;126;24;38;15;14;161
29.03.2017;183;64;41;22;9;12;183
30.03.2017;163;62;49;27;10;12;163
31.03.2017;120;70;44;36;9;12;120
01.10.2016;209;151;76;59;11;21;209
02.10.2016;208;145;83;45;12;19;208
03.10.2016;199;145;25;27;7;12;199
04.10.2016;139;51;19;21;6;11;139
05.10.2016;100;60;8;21;6;10;100
06.10.2016;134;50;6;21;5;14;134
07.10.2016;95;64;31;27;7;14;95
08.10.2016;129;63;14;25;8;14;129
09.10.2016;134;84;13;28;8;15;134
10.10.2016;170;97;14;31;8;16;170
11.10.2016;193;103;7;32;8;17;193
12.10.2016;203;91;24;29;6;14;203
13.10.2016;195;68;17;27;8;11;195
14.10.2016;151;69;13;20;4;9;151
15.10.2016;158;68;18;27;7;13;158
16.10.2016;133;76;30;33;9;15;133
17.10.2016;144;119;48;46;10;20;144
18.10.2016;194;149;44;54;10;18;194
19.10.2016;230;91;33;30;7;13;230
20.10.2016;148;59;27;20;6;12;148
21.10.2016;96;51;8;23;4;10;96
22.10.2016;90;32;10;18;5;11;90
23.10.2016;84;34;9;21;6;13;84
24.10.2016;82;51;3;19;5;16;82
25.10.2016;122;54;4;23;6;19;122
26.10.2016;135;31;18;19;4;14;135
27.10.2016;76;31;20;18;5;8;76
28.10.2016;69;54;24;26;6;9;69
29.10.2016;113;78;11;31;8;12;113
30.10.2016;161;76;25;27;9;12;161
31.10.2016;135;91;9;29;11;15;135
01.11.2016;172;135;13;37;10;23;172
02.11.2016;217;225;10;59;12;30;225
03.11.2016;323;209;7;59;15;34;323
04.11.2016;376;183;20;50;9;31;376
05.11.2016;325;157;7;31;8;28;325
06.11.2016;280;66;14;16;6;13;280
07.11.2016;89;66;15;22;10;13;89
08.11.2016;117;96;5;32;11;16;117
09.11.2016;185;232;14;33;9;23;232
10.11.2016;190;251;12;37;11;28;251
11.11.2016;202;168;7;49;11;24;202
12.11.2016;206;194;10;64;16;30;206
13.11.2016;295;222;5;55;14;33;295
14.11.2016;342;151;19;41;16;24;342
15.11.2016;257;187;6;51;17;28;257
16.11.2016;321;236;14;48;18;28;321
17.11.2016;367;146;7;34;13;20;367
18.11.2016;264;144;10;31;12;20;264
19.11.2016;235;131;5;34;18;20;235
20.11.2016;237;130;10;29;15;21;237
21.11.2016;238;38;19;19;6;9;238
22.11.2016;61;41;18;27;9;13;61
23.11.2016;118;69;11;35;22;17;118
24.11.2016;164;88;6;40;18;21;164
25.11.2016;216;152;17;48;15;30;216
26.11.2016;192;142;12;54;24;34;192
27.11.2016;214;181;9;48;31;29;214
28.11.2016;282;114;17;35;21;22;282
29.11.2016;179;111;17;48;18;26;179
30.11.2016;207;138;14;50;27;27;207
01.12.2016;241;200;5;56;28;29;241
02.12.2016;325;117;16;41;15;25;325
03.12.2016;222;112;14;54;17;39;222
04.12.2016;225;121;31;33;11;18;225
05.12.2016;170;103;13;41;20;18;170
06.12.2016;170;143;7;53;21;27;170
07.12.2016;253;169;14;58;18;28;253
08.12.2016;315;177;13;48;26;28;315
09.12.2016;274;143;15;45;21;20;274
10.12.2016;232;121;21;35;17;15;232
11.12.2016;210;132;12;45;15;19;210
12.12.2016;248;190;13;67;14;28;248
13.12.2016;350;239;6;56;20;30;350
14.12.2016;308;232;16;66;18;31;308
15.12.2016;298;138;18;45;18;20;298
16.12.2016;202;172;7;62;20;30;202
17.12.2016;315;232;16;61;33;34;315
18.12.2016;389;384;9;69;27;43;389
19.12.2016;486;419;4;52;32;40;486
20.12.2016;483;163;13;30;12;27;483
21.12.2016;229;112;11;38;13;27;229
22.12.2016;189;100;8;35;27;22;189
23.12.2016;179;105;21;27;17;17;179
24.12.2016;198;80;10;22;12;14;198
25.12.2016;168;70;26;22;10;12;168
26.12.2016;106;77;26;28;11;16;106
27.12.2016;123;82;19;32;19;17;123
28.12.2016;161;109;11;34;23;21;161
29.12.2016;191;190;9;48;28;32;191
30.12.2016;313;274;7;60;27;32;313
31.12.2016;385; ; ; ; ; ;385
01.07.2016;74;65;80;27;3;13;80
02.07.2016;91;51;46;17;2;12;91
03.07.2016;96;48;71;14;4;11;96
04.07.2016;87;40;49;12;2;9;87
05.07.2016;73;51;68;12;2;9;73
06.07.2016;95;50;43;14;2;10;95
07.07.2016;103;30;31;10;1;7;103
08.07.2016;57;55;47;15;1;6;57
09.07.2016;103;84;49;16;1;7;103
10.07.2016;141;84;71;17;1;7;141
11.07.2016;144;44;44;12;1;6;144
12.07.2016;66;65;26;24;4;7;66
13.07.2016;109;32;30;12; ;6;109
14.07.2016;51;48;101;21;4;11;101
15.07.2016;96;66;89;21;3;13;96
16.07.2016;115;66;105;29;4;12;115
17.07.2016;88;79;49;21;2;10;88
18.07.2016;149;48;41;16;1;7;149
19.07.2016;67;47;102;17;3;8;102
20.07.2016;108;70;136;33;3;9;136
21.07.2016;112;78;46;26;2;9;112
22.07.2016;123;76;92;18;3;9;123
23.07.2016;147;120;76;18;2;9;147
24.07.2016;162;36;44;14;1;7;162
25.07.2016;66;51;33;18;3;7;66
26.07.2016;85;43;73;19;3;7;85
27.07.2016;75;69;115;34;4;8;115
28.07.2016;101;72;106;28;3;8;106
29.07.2016;113;61;61;24;4;6;113
30.07.2016;90;49;58;16;3;7;90
31.07.2016;92;57;86;18;3;6;92
01.08.2016;113;58;58;19;4;8;113
02.08.2016;112;59;67;15;2;7;112
03.08.2016;135;67;65;13;2;8;135
04.08.2016;137;64;67;13;4;8;137
05.08.2016;125;72;51;20;6;10;125
06.08.2016;159;74;95;21;6;10;159
07.08.2016;156;71;55;20;4;9;156
08.08.2016;132;59;59;19;4;9;132
09.08.2016;110;53;63;18;4;9;110
10.08.2016;106;52;63;20;3;8;106
11.08.2016;110;39;65;16;2;6;110
12.08.2016;80;50;65;18;2;7;80
13.08.2016;91;46;56;17;2;7;91
14.08.2016;86;49;61;16;2;7;86
15.08.2016;90;67;73;18;3;10;90
16.08.2016;120;63;77;16;3;11;120
17.08.2016;129;70;91;17;5;11;129
18.08.2016;144;43;97;13;5;8;144
19.08.2016;73;60;72;14;7;13;73
20.08.2016;123;60;68;13;9;12;123
21.08.2016;126;63;72;15;12;10;126
22.08.2016;117;58;75;15;7;10;117
23.08.2016;117;74;95;21;5;12;117
24.08.2016;145;27;41;9;3;8;145
25.08.2016;57;33;22;18;7;9;57
26.08.2016;61;55;67;32;8;11;67
27.08.2016;98;61;77;37;10;11;98
28.08.2016;105;71;65;27;13;12;105
29.08.2016;135;74;71;28;13;13;135
30.08.2016;156;77;64;34;11;13;156
31.08.2016;134;65;69;30;11;13;134
01.09.2016;105;69;88;35;11;12;105
02.09.2016;110;110;20;48;16;15;110
03.09.2016;161;63;92;29;10;13;161
04.09.2016;118;88;90;37;15;14;118
05.09.2016;157;51;52;17;9;11;157
06.09.2016;113;46;89;25;7;11;113
07.09.2016;77;70;105;37;11;12;105
08.09.2016;125;67;47;28;12;14;125
09.09.2016;134;48;72;25;9;13;134
10.09.2016;96;83;72;35;12;13;96
11.09.2016;127;71;34;30;12;16;127
12.09.2016;139;75;56;30;12;17;139
13.09.2016;178;106;42;35;8;18;178
14.09.2016;190;71;44;24;7;14;190
15.09.2016;159;98;75;32;9;18;159
16.09.2016;178;98;77;25;10;17;178
17.09.2016;178;110;44;30;12;16;178
18.09.2016;187;39;32;17;5;15;187
19.09.2016;90;55;11;27;5;19;90
20.09.2016;151;70;44;29;6;18;151
21.09.2016;164;92;86;42;8;19;164
22.09.2016;187;98;85;45;9;16;187
23.09.2016;160;94;20;41;8;14;160
24.09.2016;153;84;67;29;9;12;153
25.09.2016;167;101;41;22;6;13;167
26.09.2016;174;84;31;27;8;15;174
27.09.2016;165;65;33;24;8;12;165
28.09.2016;124;84;34;29;11;14;124
29.09.2016;164;101;72;30;11;14;164
30.09.2016;188;136;86;51;11;20;188
01.04.2016;195;215;75;46;19;28;215
02.04.2016;210;71;35;17;6;19;210
03.04.2016;147;89;26;31;15;21;147
04.04.2016;162;106;12;32;11;24;162
05.04.2016;195;62;8;29;4;26;195
06.04.2016;158;80;25;37;7;24;158
07.04.2016;138;156;28;49;10;30;156
08.04.2016;173;79;44;27;11;20;173
09.04.2016;122;130;56;50;13;27;130
10.04.2016;178;134;76;48;10;26;178
11.04.2016;180;141;34;48;12;27;180
12.04.2016;196;170;26;39;14;28;196
13.04.2016;192;108;57;31;11;23;192
14.04.2016;154;80;40;23;5;22;154
15.04.2016;123;63;48;21;5;21;123
16.04.2016;84;144;43;22;4;20;144
17.04.2016;120;99;52;30;9;23;120
18.04.2016;137;100;39;32;9;25;137
19.04.2016;155;96;63;38;9;27;155
20.04.2016;154;124;51;40;12;23;154
21.04.2016;145;153;46;37;11;14;153
22.04.2016;137; ;57;22;4;7;137
23.04.2016;93; ;56;15;4;9;93
24.04.2016;141;71;58;18;6;10;141
25.04.2016;128;96;58;29;11;12;128
26.04.2016;153;89;51;27;11;8;153
27.04.2016;109;77;64;23;8;7;109
28.04.2016;117;104;87;40;9;12;117
29.04.2016;163;126;93;48;12;19;163
30.04.2016;159;104;89;42;8;14;159
01.05.2016;131;137;45;18;4;4;137
02.05.2016;105;81;61;32;8;6;105
03.05.2016;118;111;78;37;18;10;118
04.05.2016;144;126;70;47;20;17;144
05.05.2016;175;125;38;38;10;9;175
06.05.2016;127;82;22;22;6;7;127
07.05.2016;150;78;35;21;4;10;150
08.05.2016;161;76;62;26;11;10;161
09.05.2016;123;94;85;33;5;11;123
10.05.2016;141;101;80;27;7;11;141
11.05.2016;146;276;48;18;3;10;276
12.05.2016;186;67;25;18;3;11;186
13.05.2016;119;39;21;19;2;12;119
14.05.2016;102;59;47;20;3;11;102
15.05.2016;76;66;54;29;6;12;76
16.05.2016;92;99;59;40;10;18;99
17.05.2016;144;81;68;28;7;12;144
18.05.2016;112;88;73;19;7;13;112
19.05.2016;151;97;84;24;8;14;151
20.05.2016;172;83;81;23;8;13;172
21.05.2016;155;80;61;20;6;12;155
22.05.2016;140;41;42;15;5;11;140
23.05.2016;87;53;65;22;5;12;87
24.05.2016;71;71;33;27;9;12;71
25.05.2016;94;49;27;23;7;12;94
26.05.2016;86;52;29;24;3;12;86
27.05.2016;120;62;59;24;16;13;120
28.05.2016;124;66;89;30;10;14;124
29.05.2016;101;90;87;41;9;16;101
30.05.2016;146;98;33;36;7;17;146
31.05.2016;171;71;38;16;3;14;171
01.06.2016;161;56;33;18;2;14;161
02.06.2016;145;55;70;18;6;14;145
03.06.2016;116;73;52;24;4;14;116
04.06.2016;103;85;72;23;5;13;103
05.06.2016;96;93;66;20;3;16;96
06.06.2016;176;68;99;24;3;14;176
07.06.2016;110;76;70;18;3;16;110
08.06.2016;146;89;81;30;3;15;146
09.06.2016;146;53;73;23;3;13;146
10.06.2016;67;86;92;32;6;16;92
11.06.2016;140;59;94;13;3;14;140
12.06.2016;142;76;116;25;7;14;142
13.06.2016;130;75;44;17;3;11;130
14.06.2016;72;59;55;14;2;10;72
15.06.2016;66;56;87;26;6;11;87
16.06.2016;82;56;95;24;6;11;95
17.06.2016;86;72;123;29;7;12;123
18.06.2016;114;81;107;27;5;13;114
19.06.2016;135;73;140;20;5;13;140
20.06.2016;130;70;50;16;4;13;130
21.06.2016;114;84;114;32;5;14;114
22.06.2016;129;55;28;13;1;12;129
23.06.2016;75;47;77;18;2;13;77
24.06.2016;101;68;72;18;1;14;101
25.06.2016;136;53;53;18;3;13;136
26.06.2016;95;63;66;19;3;13;95
27.06.2016;107;72;73;23;2;13;107
28.06.2016;105;86;104;33;3;16;105
29.06.2016;123;67;55;26;3;13;123
30.06.2016;94;47;98;18;2;13;98
04.01.2016;283;316;11;16;30;46;316
05.01.2016;305;372;11;30;26;47;372
06.01.2016;328;206;18;22;21;33;328
07.01.2016;211;161;13;22;25;31;211
08.01.2016;212;199;6;29;27;39;212
09.01.2016;264;221;13;27;29;41;264
10.01.2016;284;147;16;21;29;32;284
11.01.2016;244;135;9;16;29;31;244
12.01.2016;212;148;20;19;27;32;212
13.01.2016;213;92;26;19;21;29;213
14.01.2016;144;102;18;26;19;34;144
15.01.2016;162;179;6;40;21;47;179
16.01.2016;217;122;19;21;21;31;217
17.01.2016;147;69;25;11;18;24;147
18.01.2016;96;66;19;11;27;25;96
19.01.2016;102;91;15;19;22;28;102
20.01.2016;153;113;23;18;25;24;153
21.01.2016;177;63;25;9;14;18;177
22.01.2016;84;72;28;5;4;15;84
23.01.2016;66;54;28;6;1;15;66
24.01.2016;61;63;17;13;4;23;63
25.01.2016;115;78;37;22;17;26;115
26.01.2016;127;118;9;26;21;23;127
27.01.2016;178;116;12;11;20;17;178
28.01.2016;191;141;10;11;19;19;191
29.01.2016;224;142;8;11;14;17;224
30.01.2016;231;64;11;8;4;7;231
31.01.2016;134;64;15;9;4;6;134
01.02.2016;113;81;33;19;10;11;113
02.02.2016;158;145;21;47;20;21;158
03.02.2016;237;132;32;44;16;22;237
04.02.2016;221;81;36;16;9;10;221
05.02.2016;126;46;39;19;11;8;126
06.02.2016;81;106;41;19;20;16;106
07.02.2016;140;337;63;30;45;24;337
08.02.2016;368;131;47;33;30;24;368
09.02.2016;213;154;32;25;20;27;213
10.02.2016;253;146;31;11;15;23;253
11.02.2016;252;104;20;5;10;14;252
12.02.2016;154;66;24;4;7;7;154
13.02.2016;84;46;30;8;9;9;84
14.02.2016;75;60;35;17;12;14;75
15.02.2016;120;61;38;21;16;14;120
16.02.2016;117;64;36;27;17;16;117
17.02.2016;123;98;34;29;18;19;123
18.02.2016;164;245;35;20;11;12;245
19.02.2016;174;187;38;7;6;10;187
20.02.2016;163;104;21;21;18;13;163
21.02.2016;166;129;28;26;22;21;166
22.02.2016;187;97;28;17;18;14;187
23.02.2016;146;118;23;36;25;20;146
24.02.2016;178;134;30;31;16;25;178
25.02.2016;174;102;20;32;16;25;174
26.02.2016;131;104;29;30;20;26;131
27.02.2016;127;90;28;17;10;17;127
28.02.2016;107;54;33;18;14;13;107
29.02.2016;86;88;26;28;27;18;88
01.03.2016;155;104;31;34;23;25;155
02.03.2016;138;119;34;34;15;30;138
03.03.2016;161;256;7;23;15;30;256
04.03.2016;200;299;28;13;8;14;299
05.03.2016;169;403;22;29;14;18;403
06.03.2016;201;291;9;25;24;21;291
07.03.2016;198;179;22;24;22;21;198
08.03.2016;196;106;16;16;14;15;196
09.03.2016;142;68;32;18;8;14;142
10.03.2016;109;112;39;23;19;18;112
11.03.2016;145;150;27;40;21;22;150
12.03.2016;221;98;42;30;13;20;221
13.03.2016;153;93;34;22;16;17;153
14.03.2016;162;112;45;30;19;18;162
15.03.2016;189;145;26;43;26;21;189
16.03.2016;277;211;25;50;20;27;277
17.03.2016;302;156;54;45;12;24;302
18.03.2016;258;137;73;33;12;18;258
19.03.2016;188;146;55;20;9;18;188
20.03.2016;210;119;66;20;10;17;210
21.03.2016;182;116;36;31;11;19;182
22.03.2016;199;155;24;38;15;23;199
23.03.2016;247;133;21;33;14;21;247
24.03.2016;248;101;35;33;5;19;248
25.03.2016;192;59;45;25;5;17;192
26.03.2016;122;79;48;28;8;18;122
27.03.2016;126;98;54;37;11;20;126
28.03.2016;144;151;44;39;20;24;151
29.03.2016;168;170;63;49;16;24;170
30.03.2016;179;113;65;44;13;21;179
31.03.2016;161;195;67;57;14;27;195
01.10.2015;92;107;11;27;11;10;107
02.10.2015;115;132;5;32;10;14;132
03.10.2015;156;148;20;37;12;16;156
04.10.2015;177;136;35;31;8;20;177
05.10.2015;176;112;8;36;5;16;176
06.10.2015;190;85;45;25;10;15;190
07.10.2015;152;70;14;21;5;12;152
08.10.2015;83;86;23;17;7;11;86
09.10.2015;91;67;31;20;9;11;91
10.10.2015;82;71;33;25;12;14;82
11.10.2015;93;73;42;29;14;12;93
12.10.2015;109;114;27;35;19;17;114
13.10.2015;165;112;50;30;17;21;165
14.10.2015;165;99;54;22;15;15;165
15.10.2015;163;136;55;22;17;24;163
16.10.2015;188;118;37;24;14;23;188
17.10.2015;175;130;28;24;12;22;175
18.10.2015;171;186;62;12;9;19;186
19.10.2015;225;196;56;8;10;15;225
20.10.2015;233;147;73;10;15;21;233
21.10.2015;210;99;32;13;17; ;210
22.10.2015;139;72;27;13;9;11;139
23.10.2015;141;84;21;11;8;17;141
24.10.2015;173;55;26;10;4;16;173
25.10.2015;127;39;27;10;7;11;127
26.10.2015;51;79;17;14;15;15;79
27.10.2015;95;83;5;16;17;16;95
28.10.2015;142;85;15;15;17;14;142
29.10.2015;149;47;19;9;22;4;149
30.10.2015;59;40;18;7;9;4;59
31.10.2015;52;59;26;9;9;8;59
01.11.2015;69;72;31;24;17;14;72
02.11.2015;103;110;17;49;29;27;110
03.11.2015;159;111;19;40;25;25;159
04.11.2015;161;107;20;29;24;21;161
05.11.2015;239;42;26;19;18;15;239
06.11.2015;98;34;5;24;18;17;98
07.11.2015;57;54;20;25;19;19;57
08.11.2015;56;88;24;28;21;22;88
09.11.2015;107;83;5;30;22;19;107
10.11.2015;132;49;12;25;24;17;132
11.11.2015;90;69;14;23;19;17;90
12.11.2015;142;77;13;29;15;19;142
13.11.2015;151;99;11;33;23;23;151
14.11.2015;152;78;8;30;22;21;152
15.11.2015;120;97;7;30;17;22;120
16.11.2015;154;78;4;28;25;26;154
17.11.2015;143;54;9;26;17;25;143
18.11.2015;83;77;5;28;16;28;83
19.11.2015;105;94;5;30;13;31;105
20.11.2015;138;56;5;27;18;25;138
21.11.2015;98;36;5;29;18;27;98
22.11.2015;66;36;4;25;18;25;66
23.11.2015;76;30;10;24;12;21;76
24.11.2015;57;49;21;26;13;20;57
25.11.2015;60;45;17;28;24;16;60
26.11.2015;65;94;18;38;23;23;94
27.11.2015;135;154;7;50;21;35;154
28.11.2015;178;170;13;46;21;36;178
29.11.2015;198;233;6;57;17;47;233
30.11.2015;235;137;11;48;23;34;235
01.12.2015;169;96;25;30;12;19;169
02.12.2015;87;76;22;29;11;18;87
03.12.2015;87;69;18;30;17;18;87
04.12.2015;91;98;10;40;31;21;98
05.12.2015;142;119;7;44;31;28;142
06.12.2015;173;147;9;45;33;31;173
07.12.2015;186;210;4;40;30;29;210
08.12.2015;262;285;4;38;37;31;285
09.12.2015;369;151;4;35;26;28;369
10.12.2015;266;131;19;28;26;25;266
11.12.2015;232;109;14;28;19;23;232
12.12.2015;178;66;16;24;17;21;178
13.12.2015;114;65;14;29;17;19;114
14.12.2015;99;83;27;24;17;19;99
15.12.2015;112;64;23;27;12;16;112
16.12.2015;81;91;17;32;24;24;91
17.12.2015;132;110;14;40;28;22;132
18.12.2015;161;139;10;41;44;27;161
19.12.2015;183;198;9;45;27;34;198
20.12.2015;227;341;6;48;35;41;341
21.12.2015;302;292;7;52;49;38;302
22.12.2015;273;406;6;49;53;45;406
23.12.2015;352;149;22;31;23;25;352
24.12.2015;166;81;16;39;20;31;166
25.12.2015;131;98;17;41;24;31;131
26.12.2015;151;140;10;38;26;30;151
27.12.2015;183;184;6;39;25;32;184
28.12.2015;217;281;17;51;25;44;281
29.12.2015;252;262;16;52;24;44;262
30.12.2015;241;194;12;48;30;37;241
31.12.2015;226; ; ; ; ; ;226
03.01.2016;314;253;6;23;29;45;314
01.07.2015;105;86;81;27;6;14;105
02.07.2015;69;83;47;28;10;14;83
03.07.2015;118;72;68;25;8;14;118
04.07.2015;111;90;44;29;7;15;111
05.07.2015;118;70;45;25;6;13;118
06.07.2015;92;61;67;15;7;12;92
07.07.2015;78;93;76;31;8;14;93
08.07.2015;116;107;85;27;7;14;116
09.07.2015;147;90;81;39;6;15;147
10.07.2015;145;68;70;27;5;13;145
11.07.2015;108;75;71;23;6;13;108
12.07.2015;105;134;58;34;5;13;134
13.07.2015;131;139;96;41;6;16;139
14.07.2015;180;63;62;13;6;12;180
15.07.2015;98;82;57;14;5;15;98
16.07.2015;166;97;66;15;6;16;166
17.07.2015;172;107;53;16;6;16;172
18.07.2015;174;88;42;12;3;21;174
19.07.2015;122;92;42;14;6;22;122
20.07.2015;160;75;50;15;4;18;160
21.07.2015;118;76;35;19;3;17;118
22.07.2015;93;83;49;19;4;16;93
23.07.2015;87;78;43;21;6;16;87
24.07.2015;81;101;87;39;6;18;101
25.07.2015;101;135;75;38;6;20;135
26.07.2015;157;107;51;20;3;18;157
27.07.2015;140;102;71;22;4;17;140
28.07.2015;116;103;87;24;4;18;116
29.07.2015;121;84;89;23;4;18;121
30.07.2015;138;83;51;18;5;17;138
31.07.2015;106;94;45;16;2;18;106
01.08.2015;154;92;62;18;3;18;154
02.08.2015;151;80;29;13;3;18;151
03.08.2015;144;57;22;15;4;15;144
04.08.2015;79;51;78;26;8;11;79
05.08.2015;103;74;75;29;4;13;103
06.08.2015;157;87;64;20;3;13;157
07.08.2015;176;96;52;18;4;12;176
08.08.2015;176;122;44;23;4;14;176
09.08.2015;191;107;42;18;5;12;191
10.08.2015;172;101;44;18;6;13;172
11.08.2015;184;70;38;18;5;12;184
12.08.2015;147;101;43;23;5;14;147
13.08.2015;152;55;39;16;7;12;152
14.08.2015;50;54;60;21;7;12;60
15.08.2015;68;68;61;28;6;14;68
16.08.2015;128;156;19;23;10;13;156
17.08.2015;150;139;4;32;10;14;150
18.08.2015;156;103;27;25;7;14;156
19.08.2015;127;64;51;25;10;15;127
20.08.2015;68;60;52;30;13;14;68
21.08.2015;54;78;97;29;10;14;97
22.08.2015;83;83;82;31;8;15;83
23.08.2015;104;47;64;15;6;13;104
24.08.2015;100;76;75;26;7;14;100
25.08.2015;115;70;71;24;8;16;115
26.08.2015;118;86;82;21;13;16;118
27.08.2015;107;92;69;28;9;18;107
28.08.2015;117;89;54;35;9;16;117
29.08.2015;103;112;60;33;6;17;112
30.08.2015;132;68;56;25;8;16;132
31.08.2015;105;63;44;29;6;20;105
01.09.2015;90;77;52;18;7;31;90
02.09.2015;190;75;27;22;6;25;190
03.09.2015;130;45;34;16;5;18;130
04.09.2015;98;72;29;23;6;14;98
05.09.2015;77;81;62;27;9;15;81
06.09.2015;70;64;49;20;8;18;70
07.09.2015;128;81;28;17;6;20;128
08.09.2015;150;73;12;17;3;21;150
09.09.2015;130;44;11;17;2;18;130
10.09.2015;57;68;26;14;6;17;68
11.09.2015;32;74;33;24;5;18;74
12.09.2015;59;67;13;34;6;19;67
13.09.2015;90;72;36;25;8;19;90
14.09.2015;99;71;52;21;7;19;99
15.09.2015;123;84;37;22;10;21;123
16.09.2015;156;101;46;22;6;23;156
17.09.2015;172;91;22;27;4;23;172
18.09.2015;150;95;54;28;5;21;150
19.09.2015;165;98;65;25;5;18;165
20.09.2015;155;69;45;23;3;15;155
21.09.2015;95;59;34;20;1;14;95
22.09.2015;71;57;42;21;6;11;71
23.09.2015;73;75;37;16;9;6;75
24.09.2015;64;72;52;27;12;8;72
25.09.2015;82;76;53;30;13;9;82
26.09.2015;118;60;46;17;8;8;118
27.09.2015;106;70;36;20;11;9;106
28.09.2015;136;83;40;19;9;9;136
29.09.2015;135;82;30;15;7;9;135
30.09.2015;146;257;35;16;7;4;257
01.04.2015;84;65;26;12;7;20;84
02.04.2015;96;90;26;14;15;27;96
03.04.2015;163;65;23;12;9;22;163
04.04.2015;157;42;34;13;9;19;157
05.04.2015;77;51;30;14;10;18;77
06.04.2015;81;64;36;14;11;20;81
07.04.2015;131;71;43;15;11;21;131
08.04.2015;139;83;47;21;10;24;139
09.04.2015;127;114;53;23;11;25;127
10.04.2015;156;100;37;16;11;22;156
11.04.2015;114;113;45;12;10;20;114
12.04.2015;104;82;47;15;10;21;104
13.04.2015;83;121;33;28;13;26;121
14.04.2015;155;104;49;21;15;27;155
15.04.2015;138;153;43;15;11;26;153
16.04.2015;156;156;28;16;14;25;156
17.04.2015;169;129;17;18;11;29;169
18.04.2015;161;42;34;10;9;25;161
19.04.2015;84;67;49;12;11;28;84
20.04.2015;117;41;43;10;9;26;117
21.04.2015;56;68;21;19;11;23;68
22.04.2015;100;89;56;25;11;21;100
23.04.2015;131;89;77;30;12;20;131
24.04.2015;131;98;70;29;12;20;131
25.04.2015;150;96;71;26;12;19;150
26.04.2015;142;68;62;22;11;19;142
27.04.2015;121;84;70;24;12;21;121
28.04.2015;123;89;78;14;13;19;123
29.04.2015;154;89;76;11;13;19;154
30.04.2015;160;71;27;9;8;17;160
01.05.2015;113;64;51;12;10;20;113
02.05.2015;98;60;32;13;10;19;98
03.05.2015;105;72;68;18;11;22;105
04.05.2015;124;68;73;16;11;19;124
05.05.2015;122;65;65;14;11;19;122
06.05.2015;96;91;6;16;14;22;96
07.05.2015;140;68; ;13;10;20;140
08.05.2015;102;73; ;11;11;19;102
09.05.2015;109;73;22;9;10;20;109
10.05.2015;125;58;42;11;10;16;125
11.05.2015;69;83;42;21;11;17;83
12.05.2015;115;108;33;25;14;24;115
13.05.2015;150;112;51;23;13;22;150
14.05.2015;160;69;65;11;11;13;160
15.05.2015;111;105;48;17;14;16;111
16.05.2015;140;119;54;23;13;20;140
17.05.2015;154;89;66;18;11;15;154
18.05.2015;123;110;80;15;14;15;123
19.05.2015;146;106;48;10;18;14;146
20.05.2015;137;79;43;8;13;14;137
21.05.2015;142;94;80;13;15;17;142
22.05.2015;158;78;102;19;15;18;158
23.05.2015;122;96;85;20;18;20;122
24.05.2015;140;82;67;13;20;17;140
25.05.2015;128;74;80;11;15;17;128
26.05.2015;162;110;77;18;17;18;162
27.05.2015;162;93;23;15;16;17;162
28.05.2015;144;57;45;10;12;13;144
29.05.2015;115;88;45;14;10;12;115
30.05.2015;112;75;43;12;10;12;112
31.05.2015;160;82;13;13;11;14;160
01.06.2015;149;77;10;17;11;16;149
02.06.2015;149;73;15;12;9;14;149
03.06.2015;138;74;33;10;9;12;138
04.06.2015;94;77;44;18;10;15;94
05.06.2015;76;82;45;12;10;13;82
06.06.2015;70;82;41;15;10;13;82
07.06.2015;75;90;50;15;10;13;90
08.06.2015;83;89;56;19;10;15;89
09.06.2015;133;117;31;7;8;10;133
10.06.2015;103;101;37;15;11;13;103
11.06.2015;109;95;35;18;12;15;109
12.06.2015;95;89;50;18;11;15;95
13.06.2015;117;116;52;19;12;16;117
14.06.2015;108;68;33;7;9;14;108
15.06.2015;122;120;31;11;6;16;122
16.06.2015;159;91;61;18;5;15;159
17.06.2015;133;76;63;22;4;15;133
18.06.2015;105;85;64;24;3;13;105
19.06.2015;91;103;40;22;6;13;103
20.06.2015;138;75;61;13;5;15;138
21.06.2015;140;66;44;12;3;11;140
22.06.2015;93;93;37;8;8;12;93
23.06.2015;129;40;42;11;2;12;129
24.06.2015;64;76;122;17;2;15;122
25.06.2015;66;88;28;15;3;16;88
26.06.2015;128;21;31;8;1;12;128
27.06.2015;89;42;32;11;4;12;89
28.06.2015;102;58;37;17;4;14;102
29.06.2015;149;109;38;17;5;15;149
30.06.2015;178;124;69;26;5;18;178
01.01.2015;135;107;5;6;39;18;135
02.01.2015;169;142;4;11;47;29;169
03.01.2015;195;169;2;14;38;30;195
04.01.2015;224;87; ;5;26;14;224
05.01.2015;118;66;10;5;22;14;118
06.01.2015;96;83;11;7;22;22;96
07.01.2015;150;116;16;11;26;26;150
08.01.2015;163;107;10;9;27;29;163
09.01.2015;163;157;14;15;33;37;163
10.01.2015;212;186;11;16;32;42;212
11.01.2015;258;170;15;11;39;37;258
12.01.2015;256;141;13;7;29;29;256
13.01.2015;220;205;8;11;30;40;220
14.01.2015;305;198;16;9;23;35;305
15.01.2015;297;145;16;11;19;37;297
16.01.2015;217;93;8;5;32;22;217
17.01.2015;163;74;19;7;16;22;163
18.01.2015;137;97;13;7;30;29;137
19.01.2015;161;89;26;6;23;23;161
20.01.2015;140;62;27;4;13;14;140
21.01.2015;71;82;14;6;25;22;82
22.01.2015;138;130;13;10;31;33;138
23.01.2015;199;140;10;9;41;29;199
24.01.2015;217;176;6;7;24;29;217
25.01.2015;266;184;9;8;29;31;266
26.01.2015;298;119;7;5;23;26;298
27.01.2015;212;56;16;3;19;18;212
28.01.2015;141;64;24;4;25;20;141
29.01.2015;138;58;19;5;19;19;138
30.01.2015;102;69;14;5;21;20;102
31.01.2015;148;104;21;6;30;26;148
01.02.2015;189;123;9;8;32;30;189
02.02.2015;206;139;12;11;23;37;206
03.02.2015;235;110;29;9;22;30;235
04.02.2015;193;73;25;9;24;23;193
05.02.2015;150;90;19;10;25;27;150
06.02.2015;161;58;31;6;21;17;161
07.02.2015;147;76;25;7;25;18;147
08.02.2015;132;85;22;8;29;18;132
09.02.2015;153;97;32;9;25;26;153
10.02.2015;175;95;27;9;20;26;175
11.02.2015;139;98;24;8;22;21;139
12.02.2015;174;92;4;7;27;21;174
13.02.2015;154;124; ;9;32;33;154
14.02.2015;189;89;13;5;18;18;189
15.02.2015;115;71;31;6;18;21;115
16.02.2015;116;84;37;6;25;22;116
17.02.2015;145;122;20;5;24;21;145
18.02.2015;183;90; ;3;18;12;183
19.02.2015;165;73; ;4;14;7;165
20.02.2015;165;89; ;5;13;10;165
21.02.2015;163;128;26;3;14;4;163
22.02.2015;123;101;19;5;18;7;123
23.02.2015;143;102;29;6;20;11;143
24.02.2015;160;92;33;6;14;14;160
25.02.2015;134;105;29;5;26;11;134
26.02.2015;146;92;29;5;15;8;146
27.02.2015;156;78;24;4;12;9;156
28.02.2015;141;64;21;6;15;15;141
01.03.2015;100;81;34;7;14;16;100
02.03.2015;134;116;35;5;10;7;134
03.03.2015;117;65;24;7;15;9;117
04.03.2015;93;66;21;7;13;8;93
05.03.2015;142;85;41;12;15;17;142
06.03.2015;169;102;39;12;14;18;169
07.03.2015;179;95;39;13;14;20;179
08.03.2015;159;80;28;10;17;11;159
09.03.2015;122;88;21;8;21;11;122
10.03.2015;151;85;31;11;18;14;151
11.03.2015;158;108;39;15;17;21;158
12.03.2015;166;124;56;15;22;24;166
13.03.2015;175;124;44;12;22;17;175
14.03.2015;164;150;23;13;25;19;164
15.03.2015;198;185;64;11;20;26;198
16.03.2015;242;154;17;11;18;22;242
17.03.2015;206;75;27;9;11;13;206
18.03.2015;190;62;15;7;11;16;190
19.03.2015;136;52;36;6;11;12;136
20.03.2015;96;74;38;7;12;15;96
21.03.2015;133;101;27;7;14;17;133
22.03.2015;164;46;27;5;9;11;164
23.03.2015;113;91;9;5;13;17;113
24.03.2015;167;76;22;6;9;15;167
25.03.2015;153;50;28;7;9;13;153
26.03.2015;128;78;19;8;12;18;128
27.03.2015;163;78;38;10;11;19;163
28.03.2015;124;110;56;11;13;20;124
29.03.2015;153;75;56;8;13;17;153
30.03.2015;129;101;26;14;13;22;129
31.03.2015;169;49;26;10;9;19;169
01.10.2014;121;112; ;21;9;18;121
02.10.2014;111;128; ;18;11;16;128
03.10.2014;174;112; ;18;11;17;174
04.10.2014;134;99; ;21;10;16;134
05.10.2014;99;104; ;16;12;16;104
06.10.2014;160;127; ;19;15;16;160
07.10.2014;171;214; ;24;15;21;214
08.10.2014;225;194; ;22;16;20;225
09.10.2014;255;122; ;14;12;16;255
10.10.2014;174;85; ;14;10;14;174
11.10.2014;120;47; ;13;11;13;120
12.10.2014;63;60; ;14;13;14;63
13.10.2014;75;95; ;18;12;18;95
14.10.2014;113;111; ;23;13;22;113
15.10.2014;137;133; ;28;16;17;137
16.10.2014;164;107; ;25;14;16;164
17.10.2014;157;130; ;28;16;19;157
18.10.2014;171;122; ;28;12;18;171
19.10.2014;188;116; ;28;10;20;188
20.10.2014;174;90; ;18;10;15;174
21.10.2014;243;118; ;21;10;19;243
22.10.2014;186;106; ;22;10;24;186
23.10.2014;158;96; ;20;12;26;158
24.10.2014;210;125; ;32;12;31;210
25.10.2014;163;92; ;19;12;27;163
26.10.2014;214;104; ;16;13;19;214
27.10.2014;159;75; ;17;13;17;159
28.10.2014;133;86; ;15;12;17;133
29.10.2014;246;120; ;21;15;21;246
30.10.2014;180;84; ;18;12;19;180
31.10.2014;137;57; ;18;11;16;137
01.11.2014;76;79; ;20;10;16;79
02.11.2014;80;89; ;26;10;19;89
03.11.2014;127;145; ;31;12;22;145
04.11.2014;180;69; ;19;12;14;180
05.11.2014;136;102; ;23;17;16;136
06.11.2014;157;96; ;20;20;12;157
07.11.2014;249;115; ;20;20;14;249
08.11.2014;191;115; ;19;22;15;191
09.11.2014;186;114; ;19;19;16;186
10.11.2014;182;78; ;17;16;11;182
11.11.2014;105;87; ;23;12;14;105
12.11.2014;116;96; ;29;14;16;116
13.11.2014;158;109;2;26;26;19;158
14.11.2014;167;81; ;23;20;16;167
15.11.2014;150;98; ;29;16;20;150
16.11.2014;151;109;14;28;23;19;151
17.11.2014;167;146;12;34;22;27;167
18.11.2014;195;127;3;33;26;22;195
19.11.2014;189;140;11;37;19;26;189
20.11.2014;182;167;4;42;28;31;182
21.11.2014;210;178;3;30;39;29;210
22.11.2014;258;130;3;25;42;26;258
23.11.2014;199;69;3;18;20;18;199
24.11.2014;146;62;9;18;19;16;146
25.11.2014;133;95;8;19;26;19;133
26.11.2014;165;101;2;20;25;21;165
27.11.2014;154;84;9;21;20;17;154
28.11.2014;140;118;3;23;30;24;140
29.11.2014;181;73;21;18;18;13;181
30.11.2014;102;66;15;18;15;10;102
01.12.2014;79;101;10;26;30;12;101
02.12.2014;139;92;20;24;22;14;139
03.12.2014;122;72;19;24;16;18;122
04.12.2014;111;95;11;28;29;21;111
05.12.2014;154;142;4;31;27;25;154
06.12.2014;182;106;11;29;25;23;182
07.12.2014;149;123;11;26;42;25;149
08.12.2014;167;97;7;21;27;21;167
09.12.2014;164;87;17;18;19;17;164
10.12.2014;110;109;10;27;27;20;110
11.12.2014;146;97;13;27;18;17;146
12.12.2014;123;129;6;36;22;26;129
13.12.2014;165;157;7;37;30;28;165
14.12.2014;194;99;19;19;18;15;194
15.12.2014;122;63;23;16;17;14;122
16.12.2014;80;140;9;37;32;24;140
17.12.2014;179;160;3;28;33;24;179
18.12.2014;215;152;5;12;34;17;215
19.12.2014;288;70;9;6;39;2;288
20.12.2014;119;55;26;5;17;7;119
21.12.2014;78;83;9;7;37;5;83
22.12.2014;144;107;8;11;36;12;144
23.12.2014;165;165;3;12;40;22;165
24.12.2014;231;122;5;8;48;20;231
25.12.2014;190;139;3;8;55;28;190
26.12.2014;196;133;8;8;43;26;196
27.12.2014;204;94;14;9;28;23;204
28.12.2014;151; ; ; ; ; ;151
01.07.2014;225;85; ;13;12;19;225
02.07.2014;122;75; ;18;16;12;122
03.07.2014;134;84; ;27;13;13;134
04.07.2014;131;83; ;14;13;12;131
05.07.2014;158;86; ;13;13;12;158
06.07.2014;159;86; ;17;13;12;159
07.07.2014;151;94; ;18;14;12;151
08.07.2014;149;52; ;12;12;11;149
09.07.2014;85;43; ;18;10;12;85
10.07.2014;85;53; ;20;10;13;85
11.07.2014;122;72; ;24;6;13;122
12.07.2014;118;71; ;27;5;17;118
13.07.2014;112;69; ;27;5;14;112
14.07.2014;168;79; ;34;7;12;168
15.07.2014;176;82; ;30;7;11;176
16.07.2014;175;66; ;24;5;7;175
17.07.2014;175;67; ;18;5;7;175
18.07.2014;121;52; ;12;3;6;121
19.07.2014;75;46; ;14;4;8;75
20.07.2014;88;69; ;17;5;8;88
21.07.2014;83;88; ;17;6;9;88
22.07.2014;113;61; ;18;6;13;113
23.07.2014;135;57; ;19;7;7;135
24.07.2014;72;79; ;30;8;8;79
25.07.2014;113;85; ;25;10;9;113
26.07.2014;147;87; ;22;9;9;147
27.07.2014;150;95; ;19;10;9;150
28.07.2014;159;95; ;23;5;9;159
29.07.2014;160;90; ;15;9;10;160
30.07.2014;152;90; ;15;6;9;152
31.07.2014;162;120; ;18;8;10;162
01.08.2014;227;115; ;22;9;10;227
02.08.2014;174;110; ;25;7;10;174
03.08.2014;171;104; ;20;7;9;171
04.08.2014;158;87; ;24;8;10;158
05.08.2014;159;78; ;22;6;10;159
06.08.2014;144;59; ;25;5;9;144
07.08.2014;106;47; ;15;3;9;106
08.08.2014;92;40; ;15;3;10;92
09.08.2014;104;72; ;21;5;13;104
10.08.2014;120;93; ;24;6;13;120
11.08.2014;152;79; ;32;6;13;152
12.08.2014;124;62; ;20;5;11;124
13.08.2014;87;61; ;23;9;8;87
14.08.2014;86;75; ;33;13;10;86
15.08.2014;97;83; ;29;15;12;97
16.08.2014;142;72; ;15;13;12;142
17.08.2014;141;69; ;15;12;13;141
18.08.2014;119;91; ;28;12;11;119
19.08.2014;126;104; ;33;11;12;126
20.08.2014;131;113; ;30;15;13;131
21.08.2014;160;85; ;19;17;10;160
22.08.2014;130;92; ;23;15;10;130
23.08.2014;120;74; ;23;15;9;120
24.08.2014;74;83; ;32;15;11;83
25.08.2014;88;103; ;36;19;12;103
26.08.2014;127;70; ;21;14;10;127
27.08.2014;102;62; ;18;11;9;102
28.08.2014;94;68; ;18;9;11;94
29.08.2014;105;52; ;18;6;11;105
30.08.2014;93;47; ;17;5;11;93
31.08.2014;94;69; ;22;7;12;94
01.09.2014;154;68; ;21;9;11;154
02.09.2014;114;68; ;24;12;9;114
03.09.2014;108;86; ;29;12;11;108
04.09.2014;119;90; ;31;12;13;119
05.09.2014;118;83; ;24;10;10;118
06.09.2014;128;79; ;22;7;12;128
07.09.2014;226;74; ;19;6;12;226
08.09.2014;161;87; ;18;6;12;161
09.09.2014;181;64; ;22;7;6;181
10.09.2014;157;73; ;18;5;5;157
11.09.2014;150;32; ;15;6;9;150
12.09.2014;58;35; ;18;7;12;58
13.09.2014;62;34; ;20;5;14;62
14.09.2014;62;37; ;17;7;18;62
15.09.2014;73;36; ;17;8;16;73
16.09.2014;68;40; ;13;8;17;68
17.09.2014;61;59; ;13;9;18;61
18.09.2014;103;79; ;16;10;21;103
19.09.2014;140;106; ;21;9;23;140
20.09.2014;156;95; ;18;11;19;156
21.09.2014;152;82; ;16;9;14;152
22.09.2014;121;60; ;16;9;13;121
23.09.2014;86;69; ;20;13;17;86
24.09.2014;95;95; ;20;11;16;95
25.09.2014;143;124; ;20;12;18;143
26.09.2014;174;116; ;21;11;18;174
27.09.2014;173;32; ;16;8;13;173
28.09.2014;87;49; ;17;9;15;87
29.09.2014;82;65; ;15;9;14;82
30.09.2014;99;70; ;16;9;15;99
01.04.2014;155;116; ;25;29;14;155
02.04.2014;163;106; ;17;32;16;163
03.04.2014;167;107; ;16;28;19;167
04.04.2014;163;104; ;17;6;16;163
05.04.2014;145;128; ;16;8;15;145
06.04.2014;151;108; ;16;3;17;151
07.04.2014;143;126; ;18;3;16;143
08.04.2014;152;122; ;17;2;17;152
09.04.2014;180;137; ;19;8;19;180
10.04.2014;173;65; ;14;8;18;173
11.04.2014;152;58; ;15;6;19;152
12.04.2014;134;91; ;18;6;23;134
13.04.2014;164;102; ;16;6;20;164
14.04.2014;161;68; ;13;4;16;161
15.04.2014;148;66; ;14;4;19;148
16.04.2014;139;100; ;19;11;23;139
17.04.2014;162;109; ;17;6;20;162
18.04.2014;159;62; ;15;5;21;159
19.04.2014;106;85; ;16;6;19;106
20.04.2014;140;77; ;17;6;19;140
21.04.2014;120;91; ;16;7;20;120
22.04.2014;138;110; ;16;7;19;138
23.04.2014;158;126; ;15;7;16;158
24.04.2014;166;146; ;12;5;14;166
25.04.2014;193;142; ;13;5;15;193
26.04.2014;180;304; ;17;7;16;304
27.04.2014;188;287; ;20;8;24;287
28.04.2014;194;192; ;23;8;33;194
29.04.2014;178;201; ;23;9;24;201
30.04.2014;173;221; ;20;6;14;221
01.05.2014;164;130; ;17;6;14;164
02.05.2014;145;138; ;21;9;14;145
03.05.2014;152;139; ;17;6;14;152
04.05.2014;140;121; ;22;10;17;140
05.05.2014;145;135; ;22;8;16;145
06.05.2014;157;127; ;19;8;14;157
07.05.2014;165;128; ;15;9;14;165
08.05.2014;144;138; ;11;7;15;144
09.05.2014;159;65; ;10;5;17;159
10.05.2014;121;65; ;10;5;18;121
11.05.2014;86;86; ;16;8;17;86
12.05.2014;118;88; ;15;7;13;118
13.05.2014;132;67; ;11;6;10;132
14.05.2014;99;76; ;13;6;10;99
15.05.2014;107;103; ;17;11;13;107
16.05.2014;140;81; ;15;8;17;140
17.05.2014;156;100; ;15;13;16;156
18.05.2014;146;98; ;10;7;15;146
19.05.2014;152;104; ;15;6;14;152
20.05.2014;154;100; ;15;8;17;154
21.05.2014;141;76; ;12;6;17;141
22.05.2014;151;54; ;12;4;20;151
23.05.2014;120;55; ;11;4;21;120
24.05.2014;118;234; ;12;6;19;234
25.05.2014;224;135; ;15;5;22;224
26.05.2014;171;97; ;12;7;22;171
27.05.2014;159;109; ;14;9;21;159
28.05.2014;170;101; ;16;8;17;170
29.05.2014;164;117; ;18;9;20;164
30.05.2014;155;114; ;10;7;19;155
31.05.2014;171;70; ;7;7;15;171
01.06.2014;121;96; ;9;7;20;121
02.06.2014;161;88; ;7;9;19;161
03.06.2014;152;59; ;9;3;19;152
04.06.2014;124;88; ;12;6;22;124
05.06.2014;164;74; ;8;5;20;164
06.06.2014;130;64; ;10;7;18;130
07.06.2014;100;74; ;13;7;22;100
08.06.2014;131;83; ;14;11;21;131
09.06.2014;141;101; ;16;7;15;141
10.06.2014;141;81; ;16;7;13;141
11.06.2014;146;135; ;12;11;17;146
12.06.2014;192;64; ;7;5;14;192
13.06.2014;135;85; ;9;5;17;135
14.06.2014;160;85; ;12;5;19;160
15.06.2014;144;72; ;13;5;21;144
16.06.2014;171;65; ;10;4;18;171
17.06.2014;87;79; ;8;5;16;87
18.06.2014;131;62; ;8;5;14;131
19.06.2014;115;58; ;10;5;20;115
20.06.2014;122;74; ;12;6;18;122
21.06.2014;126;75; ;12;7;20;126
22.06.2014;148;74; ;10;7;26;148
23.06.2014;142;61; ;8;6;21;142
24.06.2014;120;55; ;12;16;19;120
25.06.2014;129;75; ;20;8;20;129
26.06.2014;161;81; ;25;11;24;161
27.06.2014;143;100; ;36;16;17;143
28.06.2014;171;62; ;38;16;16;171
29.06.2014;167;106; ;42;16;19;167
30.06.2014;202;129; ;54;13;20;202
01.01.2014;214;167; ;28;22;38;214
02.01.2014;222;239; ;35;15;23;239
03.01.2014;228;124; ;27;15;30;228
04.01.2014;172;204; ;27;20;28;204
05.01.2014;226;210; ;26;27;29;226
06.01.2014;221;115; ;19;9;22;221
07.01.2014;154;92; ;14;8;19;154
08.01.2014;134;118; ;19;18;24;134
09.01.2014;165;188; ;27;35;31;188
10.01.2014;200;180; ;19;22;27;200
11.01.2014;212;100; ;15;20;18;212
12.01.2014;129;135; ;26;37;22;135
13.01.2014;180;204; ;53;35;29;204
14.01.2014;230;322; ;55;34;30;322
15.01.2014;333;367; ;63;32;37;367
16.01.2014;352;205; ;51;29;33;352
17.01.2014;277;127; ;39;23;26;277
18.01.2014;177;115; ;35;19;24;177
19.01.2014;152;125; ;41;12;26;152
20.01.2014;168;116; ;46;15;22;168
21.01.2014;177;162; ;52;23;32;177
22.01.2014;245;266; ;63;26;31;266
23.01.2014;343;214; ;50;27;22;343
24.01.2014;265;134; ;41;26;22;265
25.01.2014;188;193; ;35;27;20;193
26.01.2014;241;217; ;41;28;25;241
27.01.2014;300;232; ;45;27;29;300
28.01.2014;308;304; ;49;24;37;308
29.01.2014;336;391; ;46;24;37;391
30.01.2014;398;741; ;45;32;49;741
31.01.2014;592;468; ;25;30;40;592
01.02.2014;446;545; ;47;29;53;545
02.02.2014;479;366; ;30;27;30;479
03.02.2014;311;172; ;19;27;17;311
04.02.2014;173;79; ;17;19;16;173
05.02.2014;157;84; ;18;21;18;157
06.02.2014;179;117; ;29;24;24;179
07.02.2014;215;169; ;23;22;27;215
08.02.2014;275;87; ;20;20;21;275
09.02.2014;159;96; ;18;31;20;159
10.02.2014;178;129; ;14;53;20;178
11.02.2014;200;152; ;15;57;23;200
12.02.2014;256;127; ;13;57;23;256
13.02.2014;218;168; ;17;55;27;218
14.02.2014;268;262; ;17;53;35;268
15.02.2014;371;204; ;14;54;31;371
16.02.2014;340;124; ;10;50;29;340
17.02.2014;221;123; ;11;37;30;221
18.02.2014;220;119; ;18;28;28;220
19.02.2014;210;151; ;20;25;18;210
20.02.2014;228;161; ;22;27;19;228
21.02.2014;255;245; ;22;23;23;255
22.02.2014;333;262; ;22;20;22;333
23.02.2014;335;266; ;20;20;19;335
24.02.2014;333;294; ;20;17;23;333
25.02.2014;356;196; ;17;29;22;356
26.02.2014;274;166; ;20;35;19;274
27.02.2014;166;101; ;17;31;15;166
28.02.2014;168;163; ;24;22;24;168
01.03.2014;187;143; ;23;36;21;187
02.03.2014;213;195; ;27;30;24;213
03.03.2014;273;124; ;24;27;20;273
04.03.2014;214;132; ;23;22;19;214
05.03.2014;250;114; ;26;21;23;250
06.03.2014;212;110; ;24;22;19;212
07.03.2014;195;111; ;27;11;22;195
08.03.2014;190;147; ;31;21;28;190
09.03.2014;184;200; ;19;19;25;200
10.03.2014;211;120; ;19;20;21;211
11.03.2014;172;143; ;11;14;16;172
12.03.2014;107;93; ;21;24;17;107
13.03.2014;111;213; ;23;19;23;213
14.03.2014;156;159; ;20;18;22;159
15.03.2014;146;135; ;23;23;23;146
16.03.2014;181;239; ;23;19;28;239
17.03.2014;180;329; ;21;21;26;329
18.03.2014;181;118; ;17;17;24;181
19.03.2014;157;83; ;15;8;21;157
20.03.2014;85;111; ;22;14;25;111
21.03.2014;178;134; ;26;22;27;178
22.03.2014;188;120; ;22;19;26;188
23.03.2014;164;99; ;21;24;23;164
24.03.2014;148;126; ;25;13;29;148
25.03.2014;154;137; ;27;17;30;154
26.03.2014;172;141; ;21;10;23;172
27.03.2014;159;209; ;16;12;14;209
28.03.2014;164;294; ;20;14;16;294
29.03.2014;185;126; ;23;16;13;185
30.03.2014;174;94; ;14;24;13;174
31.03.2014;165;115; ;27;26;15;165
31.03.2020; ;91;22;32;4;5;91
31.12.2019; ;97;8;26;10;10;97
31.12.2018; ;118;9;30;7;13;118
10.09.2017; ;74;57;30;8;10;74
01.01.2017; ;248;21;55;22;33;248
02.01.2016; ;299;7;24;10;45;299
31.12.2014; ;84;9;6;31;12;84
31.12.2013; ;227; ;32;42;41;227
